EDINum|Client              |Exp |LivreeA             |CommandeClient        |ClientNom                     |ShipToName                    |DateCom |DateLiv |Line|Produit             |Qtee  |Prix     |
9000144||9|8400400|673019144||Chavigny|2024-11-25|2024-11-25|1|10650|1|6.00|
9000144||9|8400400|673019144||Chavigny|2024-11-25|2024-11-25|2|03650|3|7.00|
9000144||9|8400400|673019144||Chavigny|2024-11-25|2024-11-25|3|06650|4|7.00|
9000144||9|8400400|673019144||Chavigny|2024-11-25|2024-11-25|4|02600|2|6.00|
9000144||9|8400400|673019144||Chavigny|2024-11-25|2024-11-25|5|20675|6|8.00|
9000144||9|8400400|673019144||Chavigny|2024-11-25|2024-11-25|6|21675|6|8.00|
9000145||9|8400400|673019143||Chavigny|2024-11-25|2024-11-25|1|10650|8|6.00|
9000145||9|8400400|673019143||Chavigny|2024-11-25|2024-11-25|2|03650|6|7.00|
9000145||9|8400400|673019143||Chavigny|2024-11-25|2024-11-25|3|06650|7|7.00|
9000145||9|8400400|673019143||Chavigny|2024-11-25|2024-11-25|4|02600|4|6.00|
9000145||9|8400400|673019143||Chavigny|2024-11-25|2024-11-25|5|09650|1|6.00|
9000145||9|8400400|673019143||Chavigny|2024-11-25|2024-11-25|6|20675|2|8.00|
9000145||9|8400400|673019143||Chavigny|2024-11-25|2024-11-25|7|21675|7|8.00|
9000146||9|8400400|673019142||Chavigny|2024-11-25|2024-11-25|1|01650|1|6.00|
9000146||9|8400400|673019142||Chavigny|2024-11-25|2024-11-25|2|10650|3|6.00|
9000146||9|8400400|673019142||Chavigny|2024-11-25|2024-11-25|3|03650|2|7.00|
9000146||9|8400400|673019142||Chavigny|2024-11-25|2024-11-25|4|04650|3|7.00|
9000146||9|8400400|673019142||Chavigny|2024-11-25|2024-11-25|5|05650|1|6.00|
9000146||9|8400400|673019142||Chavigny|2024-11-25|2024-11-25|6|06650|3|7.00|
9000146||9|8400400|673019142||Chavigny|2024-11-25|2024-11-25|7|02600|1|6.00|
9000146||9|8400400|673019142||Chavigny|2024-11-25|2024-11-25|8|09650|2|6.00|
9000146||9|8400400|673019142||Chavigny|2024-11-25|2024-11-25|9|20675|5|8.00|
9000146||9|8400400|673019142||Chavigny|2024-11-25|2024-11-25|10|21675|7|8.00|
9000147||9|8400400|673019141||Chavigny|2024-11-25|2024-11-25|1|01650|1|6.00|
9000147||9|8400400|673019141||Chavigny|2024-11-25|2024-11-25|2|10650|7|6.00|
9000147||9|8400400|673019141||Chavigny|2024-11-25|2024-11-25|3|03650|7|7.00|
9000147||9|8400400|673019141||Chavigny|2024-11-25|2024-11-25|4|04650|2|7.00|
9000147||9|8400400|673019141||Chavigny|2024-11-25|2024-11-25|5|05650|1|6.00|
9000147||9|8400400|673019141||Chavigny|2024-11-25|2024-11-25|6|06650|4|7.00|
9000147||9|8400400|673019141||Chavigny|2024-11-25|2024-11-25|7|02600|19|6.00|
9000147||9|8400400|673019141||Chavigny|2024-11-25|2024-11-25|8|09650|4|6.00|
9000147||9|8400400|673019141||Chavigny|2024-11-25|2024-11-25|9|20675|12|8.00|
9000147||9|8400400|673019141||Chavigny|2024-11-25|2024-11-25|10|21675|8|8.00|
9000148||9|8400400|673019140||Chavigny|2024-11-25|2024-11-25|1|01650|1|6.00|
9000148||9|8400400|673019140||Chavigny|2024-11-25|2024-11-25|2|10650|8|6.00|
9000148||9|8400400|673019140||Chavigny|2024-11-25|2024-11-25|3|03650|7|7.00|
9000148||9|8400400|673019140||Chavigny|2024-11-25|2024-11-25|4|04650|3|7.00|
9000148||9|8400400|673019140||Chavigny|2024-11-25|2024-11-25|5|05650|1|6.00|
9000148||9|8400400|673019140||Chavigny|2024-11-25|2024-11-25|6|06650|4|7.00|
9000148||9|8400400|673019140||Chavigny|2024-11-25|2024-11-25|7|02600|19|6.00|
9000148||9|8400400|673019140||Chavigny|2024-11-25|2024-11-25|8|09650|4|6.00|
9000148||9|8400400|673019140||Chavigny|2024-11-25|2024-11-25|9|20675|12|8.00|
9000148||9|8400400|673019140||Chavigny|2024-11-25|2024-11-25|10|21675|8|8.00|
9000149||9|8400400|673019139||Chavigny|2024-11-25|2024-11-25|1|10650|1|6.00|
9000149||9|8400400|673019139||Chavigny|2024-11-25|2024-11-25|2|09650|1|6.00|
9000150||9|8400400|673019138||Chavigny|2024-11-25|2024-11-25|1|01650|1|6.00|
9000150||9|8400400|673019138||Chavigny|2024-11-25|2024-11-25|2|10650|3|6.00|
9000150||9|8400400|673019138||Chavigny|2024-11-25|2024-11-25|3|03650|1|7.00|
9000150||9|8400400|673019138||Chavigny|2024-11-25|2024-11-25|4|04650|4|7.00|
9000150||9|8400400|673019138||Chavigny|2024-11-25|2024-11-25|5|05650|2|6.00|
9000150||9|8400400|673019138||Chavigny|2024-11-25|2024-11-25|6|06650|1|7.00|
9000150||9|8400400|673019138||Chavigny|2024-11-25|2024-11-25|7|02600|4|6.00|
9000150||9|8400400|673019138||Chavigny|2024-11-25|2024-11-25|8|09650|1|6.00|
9000150||9|8400400|673019138||Chavigny|2024-11-25|2024-11-25|9|20675|7|8.00|
9000150||9|8400400|673019138||Chavigny|2024-11-25|2024-11-25|10|21675|7|8.00|
9000151||9|8400400|673019137||Chavigny|2024-11-25|2024-11-25|1|01650|1|6.00|
9000151||9|8400400|673019137||Chavigny|2024-11-25|2024-11-25|2|10650|5|6.00|
9000151||9|8400400|673019137||Chavigny|2024-11-25|2024-11-25|3|03650|2|7.00|
9000151||9|8400400|673019137||Chavigny|2024-11-25|2024-11-25|4|04650|1|7.00|
9000151||9|8400400|673019137||Chavigny|2024-11-25|2024-11-25|5|05650|1|6.00|
9000151||9|8400400|673019137||Chavigny|2024-11-25|2024-11-25|6|06650|2|7.00|
9000151||9|8400400|673019137||Chavigny|2024-11-25|2024-11-25|7|02600|4|6.00|
9000151||9|8400400|673019137||Chavigny|2024-11-25|2024-11-25|8|20675|2|8.00|
9000151||9|8400400|673019137||Chavigny|2024-11-25|2024-11-25|9|21675|7|8.00|
9000152||9|8400400|673019136||Chavigny|2024-11-25|2024-11-25|1|10650|5|6.00|
9000152||9|8400400|673019136||Chavigny|2024-11-25|2024-11-25|2|03650|4|7.00|
9000152||9|8400400|673019136||Chavigny|2024-11-25|2024-11-25|3|04650|2|7.00|
9000152||9|8400400|673019136||Chavigny|2024-11-25|2024-11-25|4|05650|2|6.00|
9000152||9|8400400|673019136||Chavigny|2024-11-25|2024-11-25|5|06650|6|7.00|
9000152||9|8400400|673019136||Chavigny|2024-11-25|2024-11-25|6|02600|7|6.00|
9000152||9|8400400|673019136||Chavigny|2024-11-25|2024-11-25|7|09650|3|6.00|
9000152||9|8400400|673019136||Chavigny|2024-11-25|2024-11-25|8|20675|12|8.00|
9000152||9|8400400|673019136||Chavigny|2024-11-25|2024-11-25|9|21675|13|8.00|
9000153||9|8400400|673019135||Chavigny|2024-11-25|2024-11-25|1|10650|6|6.00|
9000153||9|8400400|673019135||Chavigny|2024-11-25|2024-11-25|2|03650|1|7.00|
9000153||9|8400400|673019135||Chavigny|2024-11-25|2024-11-25|3|06650|4|7.00|
9000153||9|8400400|673019135||Chavigny|2024-11-25|2024-11-25|4|09650|1|6.00|
9000153||9|8400400|673019135||Chavigny|2024-11-25|2024-11-25|5|20675|1|8.00|
9000153||9|8400400|673019135||Chavigny|2024-11-25|2024-11-25|6|21675|3|8.00|
9000154||9|8400400|673019134||Chavigny|2024-11-25|2024-11-25|1|10650|1|6.00|
9000154||9|8400400|673019134||Chavigny|2024-11-25|2024-11-25|2|03650|3|7.00|
9000154||9|8400400|673019134||Chavigny|2024-11-25|2024-11-25|3|04650|3|7.00|
9000154||9|8400400|673019134||Chavigny|2024-11-25|2024-11-25|4|06650|2|7.00|
9000154||9|8400400|673019134||Chavigny|2024-11-25|2024-11-25|5|02600|3|6.00|
9000154||9|8400400|673019134||Chavigny|2024-11-25|2024-11-25|6|09650|2|6.00|
9000154||9|8400400|673019134||Chavigny|2024-11-25|2024-11-25|7|20675|10|8.00|
9000154||9|8400400|673019134||Chavigny|2024-11-25|2024-11-25|8|21675|14|8.00|
9000155||9|8400400|673019133||Chavigny|2024-11-25|2024-11-25|1|03650|1|7.00|
9000155||9|8400400|673019133||Chavigny|2024-11-25|2024-11-25|2|04650|1|7.00|
9000155||9|8400400|673019133||Chavigny|2024-11-25|2024-11-25|3|02600|1|6.00|
9000155||9|8400400|673019133||Chavigny|2024-11-25|2024-11-25|4|09650|3|6.00|
9000155||9|8400400|673019133||Chavigny|2024-11-25|2024-11-25|5|20675|6|8.00|
9000155||9|8400400|673019133||Chavigny|2024-11-25|2024-11-25|6|21675|9|8.00|
9000156||9|8400400|673019132||Chavigny|2024-11-25|2024-11-25|1|10650|1|6.00|
9000156||9|8400400|673019132||Chavigny|2024-11-25|2024-11-25|2|03650|3|7.00|
9000156||9|8400400|673019132||Chavigny|2024-11-25|2024-11-25|3|04650|3|7.00|
9000156||9|8400400|673019132||Chavigny|2024-11-25|2024-11-25|4|06650|2|7.00|
9000156||9|8400400|673019132||Chavigny|2024-11-25|2024-11-25|5|02600|3|6.00|
9000156||9|8400400|673019132||Chavigny|2024-11-25|2024-11-25|6|09650|2|6.00|
9000156||9|8400400|673019132||Chavigny|2024-11-25|2024-11-25|7|20675|11|8.00|
9000156||9|8400400|673019132||Chavigny|2024-11-25|2024-11-25|8|21675|15|8.00|
9000157||9|8400400|673019131||Chavigny|2024-11-25|2024-11-25|1|01650|1|6.00|
9000157||9|8400400|673019131||Chavigny|2024-11-25|2024-11-25|2|10650|2|6.00|
9000157||9|8400400|673019131||Chavigny|2024-11-25|2024-11-25|3|04650|3|7.00|
9000157||9|8400400|673019131||Chavigny|2024-11-25|2024-11-25|4|05650|1|6.00|
9000157||9|8400400|673019131||Chavigny|2024-11-25|2024-11-25|5|06650|1|7.00|
9000157||9|8400400|673019131||Chavigny|2024-11-25|2024-11-25|6|02600|2|6.00|
9000157||9|8400400|673019131||Chavigny|2024-11-25|2024-11-25|7|09650|1|6.00|
9000157||9|8400400|673019131||Chavigny|2024-11-25|2024-11-25|8|20675|4|8.00|
9000157||9|8400400|673019131||Chavigny|2024-11-25|2024-11-25|9|21675|3|8.00|
9000158||9|8400400|673019130||Chavigny|2024-11-25|2024-11-25|1|01650|4|6.00|
9000158||9|8400400|673019130||Chavigny|2024-11-25|2024-11-25|2|10650|5|6.00|
9000158||9|8400400|673019130||Chavigny|2024-11-25|2024-11-25|3|03650|7|7.00|
9000158||9|8400400|673019130||Chavigny|2024-11-25|2024-11-25|4|04650|9|7.00|
9000158||9|8400400|673019130||Chavigny|2024-11-25|2024-11-25|5|05650|4|6.00|
9000158||9|8400400|673019130||Chavigny|2024-11-25|2024-11-25|6|06650|6|7.00|
9000158||9|8400400|673019130||Chavigny|2024-11-25|2024-11-25|7|02600|13|6.00|
9000158||9|8400400|673019130||Chavigny|2024-11-25|2024-11-25|8|09650|5|6.00|
9000158||9|8400400|673019130||Chavigny|2024-11-25|2024-11-25|9|20675|7|8.00|
9000158||9|8400400|673019130||Chavigny|2024-11-25|2024-11-25|10|21675|4|8.00|
9000159||9|8400400|673019129||Chavigny|2024-11-25|2024-11-25|1|06650|2|7.00|
9000160||9|8400400|673019128||Chavigny|2024-11-25|2024-11-25|1|10650|2|6.00|
9000160||9|8400400|673019128||Chavigny|2024-11-25|2024-11-25|2|05650|2|6.00|
9000160||9|8400400|673019128||Chavigny|2024-11-25|2024-11-25|3|06650|2|7.00|
9000160||9|8400400|673019128||Chavigny|2024-11-25|2024-11-25|4|02600|1|6.00|
9000160||9|8400400|673019128||Chavigny|2024-11-25|2024-11-25|5|09650|2|6.00|
9000160||9|8400400|673019128||Chavigny|2024-11-25|2024-11-25|6|20675|1|8.00|
9000160||9|8400400|673019128||Chavigny|2024-11-25|2024-11-25|7|21675|9|8.00|
9000161||9|8400400|673019127||Chavigny|2024-11-25|2024-11-25|1|10650|2|6.00|
9000161||9|8400400|673019127||Chavigny|2024-11-25|2024-11-25|2|03650|2|7.00|
9000161||9|8400400|673019127||Chavigny|2024-11-25|2024-11-25|3|04650|2|7.00|
9000161||9|8400400|673019127||Chavigny|2024-11-25|2024-11-25|4|05650|3|6.00|
9000161||9|8400400|673019127||Chavigny|2024-11-25|2024-11-25|5|02600|3|6.00|
9000161||9|8400400|673019127||Chavigny|2024-11-25|2024-11-25|6|09650|1|6.00|
9000161||9|8400400|673019127||Chavigny|2024-11-25|2024-11-25|7|20675|1|8.00|
9000161||9|8400400|673019127||Chavigny|2024-11-25|2024-11-25|8|21675|1|8.00|
9000162||9|8400400|673019126||Chavigny|2024-11-25|2024-11-25|1|10650|6|6.00|
9000162||9|8400400|673019126||Chavigny|2024-11-25|2024-11-25|2|04650|1|7.00|
9000162||9|8400400|673019126||Chavigny|2024-11-25|2024-11-25|3|02600|5|6.00|
9000162||9|8400400|673019126||Chavigny|2024-11-25|2024-11-25|4|09650|3|6.00|
9000162||9|8400400|673019126||Chavigny|2024-11-25|2024-11-25|5|21675|3|8.00|
9000163||9|8400400|673019125||Chavigny|2024-11-25|2024-11-25|1|01650|5|6.00|
9000163||9|8400400|673019125||Chavigny|2024-11-25|2024-11-25|2|10650|3|6.00|
9000163||9|8400400|673019125||Chavigny|2024-11-25|2024-11-25|3|03650|2|7.00|
9000163||9|8400400|673019125||Chavigny|2024-11-25|2024-11-25|4|04650|5|7.00|
9000163||9|8400400|673019125||Chavigny|2024-11-25|2024-11-25|5|05650|1|6.00|
9000163||9|8400400|673019125||Chavigny|2024-11-25|2024-11-25|6|06650|1|7.00|
9000163||9|8400400|673019125||Chavigny|2024-11-25|2024-11-25|7|02600|3|6.00|
9000163||9|8400400|673019125||Chavigny|2024-11-25|2024-11-25|8|09650|2|6.00|
9000163||9|8400400|673019125||Chavigny|2024-11-25|2024-11-25|9|20675|8|8.00|
9000163||9|8400400|673019125||Chavigny|2024-11-25|2024-11-25|10|21675|13|8.00|
9000164||9|8400400|673019124||Chavigny|2024-11-25|2024-11-25|1|01650|2|6.00|
9000164||9|8400400|673019124||Chavigny|2024-11-25|2024-11-25|2|10650|1|6.00|
9000164||9|8400400|673019124||Chavigny|2024-11-25|2024-11-25|3|03650|1|7.00|
9000164||9|8400400|673019124||Chavigny|2024-11-25|2024-11-25|4|04650|4|7.00|
9000164||9|8400400|673019124||Chavigny|2024-11-25|2024-11-25|5|05650|1|6.00|
9000164||9|8400400|673019124||Chavigny|2024-11-25|2024-11-25|6|06650|1|7.00|
9000164||9|8400400|673019124||Chavigny|2024-11-25|2024-11-25|7|02600|5|6.00|
9000164||9|8400400|673019124||Chavigny|2024-11-25|2024-11-25|8|09650|4|6.00|
9000164||9|8400400|673019124||Chavigny|2024-11-25|2024-11-25|9|21675|3|8.00|
9000165||9|8400400|673019123||Chavigny|2024-11-25|2024-11-25|1|01650|2|6.00|
9000165||9|8400400|673019123||Chavigny|2024-11-25|2024-11-25|2|10650|1|6.00|
9000165||9|8400400|673019123||Chavigny|2024-11-25|2024-11-25|3|03650|4|7.00|
9000165||9|8400400|673019123||Chavigny|2024-11-25|2024-11-25|4|04650|3|7.00|
9000165||9|8400400|673019123||Chavigny|2024-11-25|2024-11-25|5|05650|3|6.00|
9000165||9|8400400|673019123||Chavigny|2024-11-25|2024-11-25|6|06650|1|7.00|
9000165||9|8400400|673019123||Chavigny|2024-11-25|2024-11-25|7|02600|2|6.00|
9000165||9|8400400|673019123||Chavigny|2024-11-25|2024-11-25|8|09650|1|6.00|
9000165||9|8400400|673019123||Chavigny|2024-11-25|2024-11-25|9|20675|1|8.00|
9000165||9|8400400|673019123||Chavigny|2024-11-25|2024-11-25|10|21675|3|8.00|
9000166||9|8400400|673019122||Chavigny|2024-11-25|2024-11-25|1|01650|2|6.00|
9000166||9|8400400|673019122||Chavigny|2024-11-25|2024-11-25|2|10650|3|6.00|
9000166||9|8400400|673019122||Chavigny|2024-11-25|2024-11-25|3|03650|2|7.00|
9000166||9|8400400|673019122||Chavigny|2024-11-25|2024-11-25|4|04650|2|7.00|
9000166||9|8400400|673019122||Chavigny|2024-11-25|2024-11-25|5|05650|1|6.00|
9000166||9|8400400|673019122||Chavigny|2024-11-25|2024-11-25|6|06650|2|7.00|
9000166||9|8400400|673019122||Chavigny|2024-11-25|2024-11-25|7|02600|4|6.00|
9000166||9|8400400|673019122||Chavigny|2024-11-25|2024-11-25|8|09650|1|6.00|
9000166||9|8400400|673019122||Chavigny|2024-11-25|2024-11-25|9|20675|11|8.00|
9000166||9|8400400|673019122||Chavigny|2024-11-25|2024-11-25|10|21675|14|8.00|
9000167||9|8400400|673019121||Chavigny|2024-11-25|2024-11-25|1|01650|2|6.00|
9000167||9|8400400|673019121||Chavigny|2024-11-25|2024-11-25|2|10650|2|6.00|
9000167||9|8400400|673019121||Chavigny|2024-11-25|2024-11-25|3|03650|4|7.00|
9000167||9|8400400|673019121||Chavigny|2024-11-25|2024-11-25|4|04650|3|7.00|
9000167||9|8400400|673019121||Chavigny|2024-11-25|2024-11-25|5|05650|3|6.00|
9000167||9|8400400|673019121||Chavigny|2024-11-25|2024-11-25|6|06650|1|7.00|
9000167||9|8400400|673019121||Chavigny|2024-11-25|2024-11-25|7|02600|2|6.00|
9000167||9|8400400|673019121||Chavigny|2024-11-25|2024-11-25|8|09650|1|6.00|
9000167||9|8400400|673019121||Chavigny|2024-11-25|2024-11-25|9|20675|1|8.00|
9000167||9|8400400|673019121||Chavigny|2024-11-25|2024-11-25|10|21675|4|8.00|
9000168||9|8400400|673019120||Chavigny|2024-11-25|2024-11-25|1|06650|2|7.00|
9000168||9|8400400|673019120||Chavigny|2024-11-25|2024-11-25|2|02600|2|6.00|
9000168||9|8400400|673019120||Chavigny|2024-11-25|2024-11-25|3|09650|2|6.00|
9000168||9|8400400|673019120||Chavigny|2024-11-25|2024-11-25|4|20675|2|8.00|
9000169||9|8400400|673019119||Chavigny|2024-11-25|2024-11-25|1|01650|1|6.00|
9000169||9|8400400|673019119||Chavigny|2024-11-25|2024-11-25|2|03650|1|7.00|
9000169||9|8400400|673019119||Chavigny|2024-11-25|2024-11-25|3|05650|1|6.00|
9000170||9|8400400|673019118||Chavigny|2024-11-25|2024-11-25|1|01650|1|6.00|
9000170||9|8400400|673019118||Chavigny|2024-11-25|2024-11-25|2|03650|1|7.00|
9000170||9|8400400|673019118||Chavigny|2024-11-25|2024-11-25|3|05650|1|6.00|
9000171||9|8400400|673019117||Chavigny|2024-11-25|2024-11-25|1|01650|2|6.00|
9000171||9|8400400|673019117||Chavigny|2024-11-25|2024-11-25|2|10650|1|6.00|
9000171||9|8400400|673019117||Chavigny|2024-11-25|2024-11-25|3|03650|3|7.00|
9000171||9|8400400|673019117||Chavigny|2024-11-25|2024-11-25|4|05650|2|6.00|
9000171||9|8400400|673019117||Chavigny|2024-11-25|2024-11-25|5|06650|3|7.00|
9000171||9|8400400|673019117||Chavigny|2024-11-25|2024-11-25|6|02600|5|6.00|
9000171||9|8400400|673019117||Chavigny|2024-11-25|2024-11-25|7|09650|6|6.00|
9000171||9|8400400|673019117||Chavigny|2024-11-25|2024-11-25|8|20675|5|8.00|
9000171||9|8400400|673019117||Chavigny|2024-11-25|2024-11-25|9|21675|11|8.00|
9000172||9|8400400|673019116||Chavigny|2024-11-25|2024-11-25|1|01650|4|6.00|
9000172||9|8400400|673019116||Chavigny|2024-11-25|2024-11-25|2|10650|2|6.00|
9000172||9|8400400|673019116||Chavigny|2024-11-25|2024-11-25|3|03650|3|7.00|
9000172||9|8400400|673019116||Chavigny|2024-11-25|2024-11-25|4|05650|2|6.00|
9000172||9|8400400|673019116||Chavigny|2024-11-25|2024-11-25|5|06650|5|7.00|
9000172||9|8400400|673019116||Chavigny|2024-11-25|2024-11-25|6|02600|7|6.00|
9000172||9|8400400|673019116||Chavigny|2024-11-25|2024-11-25|7|09650|9|6.00|
9000172||9|8400400|673019116||Chavigny|2024-11-25|2024-11-25|8|20675|6|8.00|
9000172||9|8400400|673019116||Chavigny|2024-11-25|2024-11-25|9|21675|12|8.00|
9000173||9|8400400|673019115||Chavigny|2024-11-25|2024-11-25|1|01650|4|6.00|
9000173||9|8400400|673019115||Chavigny|2024-11-25|2024-11-25|2|10650|2|6.00|
9000173||9|8400400|673019115||Chavigny|2024-11-25|2024-11-25|3|03650|3|7.00|
9000173||9|8400400|673019115||Chavigny|2024-11-25|2024-11-25|4|05650|2|6.00|
9000173||9|8400400|673019115||Chavigny|2024-11-25|2024-11-25|5|06650|5|7.00|
9000173||9|8400400|673019115||Chavigny|2024-11-25|2024-11-25|6|02600|7|6.00|
9000173||9|8400400|673019115||Chavigny|2024-11-25|2024-11-25|7|09650|9|6.00|
9000173||9|8400400|673019115||Chavigny|2024-11-25|2024-11-25|8|20675|7|8.00|
9000173||9|8400400|673019115||Chavigny|2024-11-25|2024-11-25|9|21675|13|8.00|
9000174||9|8400400|673019114||Chavigny|2024-11-25|2024-11-25|1|01650|4|6.00|
9000174||9|8400400|673019114||Chavigny|2024-11-25|2024-11-25|2|10650|2|6.00|
9000174||9|8400400|673019114||Chavigny|2024-11-25|2024-11-25|3|03650|3|7.00|
9000174||9|8400400|673019114||Chavigny|2024-11-25|2024-11-25|4|05650|2|6.00|
9000174||9|8400400|673019114||Chavigny|2024-11-25|2024-11-25|5|06650|5|7.00|
9000174||9|8400400|673019114||Chavigny|2024-11-25|2024-11-25|6|02600|7|6.00|
9000174||9|8400400|673019114||Chavigny|2024-11-25|2024-11-25|7|09650|9|6.00|
9000174||9|8400400|673019114||Chavigny|2024-11-25|2024-11-25|8|20675|7|8.00|
9000174||9|8400400|673019114||Chavigny|2024-11-25|2024-11-25|9|21675|13|8.00|
9000175||9|8400400|673019113||Chavigny|2024-11-25|2024-11-25|1|01650|1|6.00|
9000175||9|8400400|673019113||Chavigny|2024-11-25|2024-11-25|2|10650|3|6.00|
9000175||9|8400400|673019113||Chavigny|2024-11-25|2024-11-25|3|04650|2|7.00|
9000175||9|8400400|673019113||Chavigny|2024-11-25|2024-11-25|4|02600|1|6.00|
9000175||9|8400400|673019113||Chavigny|2024-11-25|2024-11-25|5|09650|3|6.00|
9000175||9|8400400|673019113||Chavigny|2024-11-25|2024-11-25|6|20675|3|8.00|
9000175||9|8400400|673019113||Chavigny|2024-11-25|2024-11-25|7|21675|5|8.00|
9000176||9|8400400|673019112||Chavigny|2024-11-25|2024-11-25|1|01650|4|6.00|
9000176||9|8400400|673019112||Chavigny|2024-11-25|2024-11-25|2|10650|6|6.00|
9000176||9|8400400|673019112||Chavigny|2024-11-25|2024-11-25|3|03650|7|7.00|
9000176||9|8400400|673019112||Chavigny|2024-11-25|2024-11-25|4|04650|6|7.00|
9000176||9|8400400|673019112||Chavigny|2024-11-25|2024-11-25|5|05650|7|6.00|
9000176||9|8400400|673019112||Chavigny|2024-11-25|2024-11-25|6|06650|9|7.00|
9000176||9|8400400|673019112||Chavigny|2024-11-25|2024-11-25|7|02600|11|6.00|
9000176||9|8400400|673019112||Chavigny|2024-11-25|2024-11-25|8|09650|6|6.00|
9000176||9|8400400|673019112||Chavigny|2024-11-25|2024-11-25|9|20675|12|8.00|
9000176||9|8400400|673019112||Chavigny|2024-11-25|2024-11-25|10|21675|15|8.00|
9000177||9|8400400|673019111||Chavigny|2024-11-25|2024-11-25|1|10650|5|6.00|
9000177||9|8400400|673019111||Chavigny|2024-11-25|2024-11-25|2|03650|2|7.00|
9000177||9|8400400|673019111||Chavigny|2024-11-25|2024-11-25|3|04650|3|7.00|
9000177||9|8400400|673019111||Chavigny|2024-11-25|2024-11-25|4|06650|4|7.00|
9000177||9|8400400|673019111||Chavigny|2024-11-25|2024-11-25|5|02600|7|6.00|
9000177||9|8400400|673019111||Chavigny|2024-11-25|2024-11-25|6|09650|2|6.00|
9000177||9|8400400|673019111||Chavigny|2024-11-25|2024-11-25|7|20675|8|8.00|
9000177||9|8400400|673019111||Chavigny|2024-11-25|2024-11-25|8|21675|8|8.00|
9000178||9|8400400|673019110||Chavigny|2024-11-25|2024-11-25|1|01650|1|6.00|
9000178||9|8400400|673019110||Chavigny|2024-11-25|2024-11-25|2|03650|1|7.00|
9000178||9|8400400|673019110||Chavigny|2024-11-25|2024-11-25|3|04650|1|7.00|
9000178||9|8400400|673019110||Chavigny|2024-11-25|2024-11-25|4|06650|2|7.00|
9000178||9|8400400|673019110||Chavigny|2024-11-25|2024-11-25|5|02600|1|6.00|
9000179||9|8400400|673019109||Chavigny|2024-11-25|2024-11-25|1|02600|2|6.00|
9000179||9|8400400|673019109||Chavigny|2024-11-25|2024-11-25|2|09650|2|6.00|
9000179||9|8400400|673019109||Chavigny|2024-11-25|2024-11-25|3|20675|1|8.00|
9000179||9|8400400|673019109||Chavigny|2024-11-25|2024-11-25|4|21675|1|8.00|
9000180||9|8400400|673019108||Chavigny|2024-11-25|2024-11-25|1|01650|5|6.00|
9000180||9|8400400|673019108||Chavigny|2024-11-25|2024-11-25|2|10650|9|6.00|
9000180||9|8400400|673019108||Chavigny|2024-11-25|2024-11-25|3|03650|3|7.00|
9000180||9|8400400|673019108||Chavigny|2024-11-25|2024-11-25|4|04650|2|7.00|
9000180||9|8400400|673019108||Chavigny|2024-11-25|2024-11-25|5|05650|2|6.00|
9000180||9|8400400|673019108||Chavigny|2024-11-25|2024-11-25|6|06650|6|7.00|
9000180||9|8400400|673019108||Chavigny|2024-11-25|2024-11-25|7|02600|20|6.00|
9000180||9|8400400|673019108||Chavigny|2024-11-25|2024-11-25|8|09650|2|6.00|
9000180||9|8400400|673019108||Chavigny|2024-11-25|2024-11-25|9|20675|13|8.00|
9000180||9|8400400|673019108||Chavigny|2024-11-25|2024-11-25|10|21675|10|8.00|
9000181||9|8400400|673019107||Chavigny|2024-11-25|2024-11-25|1|10650|5|6.00|
9000181||9|8400400|673019107||Chavigny|2024-11-25|2024-11-25|2|03650|2|7.00|
9000181||9|8400400|673019107||Chavigny|2024-11-25|2024-11-25|3|04650|2|7.00|
9000181||9|8400400|673019107||Chavigny|2024-11-25|2024-11-25|4|05650|1|6.00|
9000181||9|8400400|673019107||Chavigny|2024-11-25|2024-11-25|5|06650|1|7.00|
9000181||9|8400400|673019107||Chavigny|2024-11-25|2024-11-25|6|02600|3|6.00|
9000181||9|8400400|673019107||Chavigny|2024-11-25|2024-11-25|7|20675|3|8.00|
9000181||9|8400400|673019107||Chavigny|2024-11-25|2024-11-25|8|21675|4|8.00|
9000182||9|8400400|673019106||Chavigny|2024-11-25|2024-11-25|1|01650|1|6.00|
9000182||9|8400400|673019106||Chavigny|2024-11-25|2024-11-25|2|10650|1|6.00|
9000182||9|8400400|673019106||Chavigny|2024-11-25|2024-11-25|3|03650|1|7.00|
9000182||9|8400400|673019106||Chavigny|2024-11-25|2024-11-25|4|04650|1|7.00|
9000182||9|8400400|673019106||Chavigny|2024-11-25|2024-11-25|5|05650|2|6.00|
9000182||9|8400400|673019106||Chavigny|2024-11-25|2024-11-25|6|02600|3|6.00|
9000182||9|8400400|673019106||Chavigny|2024-11-25|2024-11-25|7|09650|2|6.00|
9000182||9|8400400|673019106||Chavigny|2024-11-25|2024-11-25|8|20675|1|8.00|
9000182||9|8400400|673019106||Chavigny|2024-11-25|2024-11-25|9|21675|8|8.00|
9000183||9|8400400|673019105||Chavigny|2024-11-25|2024-11-25|1|01650|1|6.00|
9000183||9|8400400|673019105||Chavigny|2024-11-25|2024-11-25|2|10650|9|6.00|
9000183||9|8400400|673019105||Chavigny|2024-11-25|2024-11-25|3|03650|4|7.00|
9000183||9|8400400|673019105||Chavigny|2024-11-25|2024-11-25|4|04650|6|7.00|
9000183||9|8400400|673019105||Chavigny|2024-11-25|2024-11-25|5|05650|1|6.00|
9000183||9|8400400|673019105||Chavigny|2024-11-25|2024-11-25|6|06650|4|7.00|
9000183||9|8400400|673019105||Chavigny|2024-11-25|2024-11-25|7|02600|6|6.00|
9000183||9|8400400|673019105||Chavigny|2024-11-25|2024-11-25|8|09650|7|6.00|
9000183||9|8400400|673019105||Chavigny|2024-11-25|2024-11-25|9|20675|11|8.00|
9000183||9|8400400|673019105||Chavigny|2024-11-25|2024-11-25|10|21675|7|8.00|
9000184||9|8400400|673019104||Chavigny|2024-11-25|2024-11-25|1|01650|1|6.00|
9000184||9|8400400|673019104||Chavigny|2024-11-25|2024-11-25|2|10650|12|6.00|
9000184||9|8400400|673019104||Chavigny|2024-11-25|2024-11-25|3|04650|2|7.00|
9000184||9|8400400|673019104||Chavigny|2024-11-25|2024-11-25|4|05650|1|6.00|
9000184||9|8400400|673019104||Chavigny|2024-11-25|2024-11-25|5|02600|6|6.00|
9000184||9|8400400|673019104||Chavigny|2024-11-25|2024-11-25|6|09650|2|6.00|
9000184||9|8400400|673019104||Chavigny|2024-11-25|2024-11-25|7|20675|5|8.00|
9000184||9|8400400|673019104||Chavigny|2024-11-25|2024-11-25|8|21675|6|8.00|
9000185||9|8400400|673019103||Chavigny|2024-11-25|2024-11-25|1|01650|1|6.00|
9000185||9|8400400|673019103||Chavigny|2024-11-25|2024-11-25|2|03650|1|7.00|
9000185||9|8400400|673019103||Chavigny|2024-11-25|2024-11-25|3|04650|2|7.00|
9000185||9|8400400|673019103||Chavigny|2024-11-25|2024-11-25|4|05650|2|6.00|
9000185||9|8400400|673019103||Chavigny|2024-11-25|2024-11-25|5|06650|4|7.00|
9000185||9|8400400|673019103||Chavigny|2024-11-25|2024-11-25|6|02600|7|6.00|
9000185||9|8400400|673019103||Chavigny|2024-11-25|2024-11-25|7|09650|2|6.00|
9000185||9|8400400|673019103||Chavigny|2024-11-25|2024-11-25|8|20675|2|8.00|
9000185||9|8400400|673019103||Chavigny|2024-11-25|2024-11-25|9|21675|1|8.00|
9000186||9|8400400|673019102||Chavigny|2024-11-25|2024-11-25|1|10650|3|6.00|
9000186||9|8400400|673019102||Chavigny|2024-11-25|2024-11-25|2|03650|1|7.00|
9000186||9|8400400|673019102||Chavigny|2024-11-25|2024-11-25|3|04650|3|7.00|
9000186||9|8400400|673019102||Chavigny|2024-11-25|2024-11-25|4|05650|1|6.00|
9000186||9|8400400|673019102||Chavigny|2024-11-25|2024-11-25|5|06650|2|7.00|
9000186||9|8400400|673019102||Chavigny|2024-11-25|2024-11-25|6|02600|2|6.00|
9000186||9|8400400|673019102||Chavigny|2024-11-25|2024-11-25|7|20675|5|8.00|
9000186||9|8400400|673019102||Chavigny|2024-11-25|2024-11-25|8|21675|2|8.00|
9000187||9|8400400|673019101||Chavigny|2024-11-25|2024-11-25|1|01650|1|6.00|
9000187||9|8400400|673019101||Chavigny|2024-11-25|2024-11-25|2|10650|3|6.00|
9000187||9|8400400|673019101||Chavigny|2024-11-25|2024-11-25|3|03650|1|7.00|
9000187||9|8400400|673019101||Chavigny|2024-11-25|2024-11-25|4|04650|1|7.00|
9000187||9|8400400|673019101||Chavigny|2024-11-25|2024-11-25|5|05650|1|6.00|
9000187||9|8400400|673019101||Chavigny|2024-11-25|2024-11-25|6|06650|4|7.00|
9000187||9|8400400|673019101||Chavigny|2024-11-25|2024-11-25|7|02600|3|6.00|
9000187||9|8400400|673019101||Chavigny|2024-11-25|2024-11-25|8|09650|4|6.00|
9000187||9|8400400|673019101||Chavigny|2024-11-25|2024-11-25|9|20675|3|8.00|
9000187||9|8400400|673019101||Chavigny|2024-11-25|2024-11-25|10|21675|2|8.00|
9000188||9|8400400|673019100||Chavigny|2024-11-25|2024-11-25|1|10650|1|6.00|
9000188||9|8400400|673019100||Chavigny|2024-11-25|2024-11-25|2|03650|3|7.00|
9000188||9|8400400|673019100||Chavigny|2024-11-25|2024-11-25|3|04650|1|7.00|
9000188||9|8400400|673019100||Chavigny|2024-11-25|2024-11-25|4|06650|1|7.00|
9000188||9|8400400|673019100||Chavigny|2024-11-25|2024-11-25|5|02600|1|6.00|
9000188||9|8400400|673019100||Chavigny|2024-11-25|2024-11-25|6|09650|1|6.00|
9000188||9|8400400|673019100||Chavigny|2024-11-25|2024-11-25|7|20675|3|8.00|
9000188||9|8400400|673019100||Chavigny|2024-11-25|2024-11-25|8|21675|2|8.00|
9000189||9|8400400|67301999||Chavigny|2024-11-25|2024-11-25|1|10650|3|6.00|
9000189||9|8400400|67301999||Chavigny|2024-11-25|2024-11-25|2|03650|1|7.00|
9000189||9|8400400|67301999||Chavigny|2024-11-25|2024-11-25|3|05650|2|6.00|
9000189||9|8400400|67301999||Chavigny|2024-11-25|2024-11-25|4|06650|2|7.00|
9000189||9|8400400|67301999||Chavigny|2024-11-25|2024-11-25|5|02600|2|6.00|
9000189||9|8400400|67301999||Chavigny|2024-11-25|2024-11-25|6|09650|3|6.00|
9000189||9|8400400|67301999||Chavigny|2024-11-25|2024-11-25|7|20675|3|8.00|
9000189||9|8400400|67301999||Chavigny|2024-11-25|2024-11-25|8|21675|5|8.00|
9000190||9|8400400|67301998||Chavigny|2024-11-25|2024-11-25|1|10650|2|6.00|
9000190||9|8400400|67301998||Chavigny|2024-11-25|2024-11-25|2|03650|1|7.00|
9000190||9|8400400|67301998||Chavigny|2024-11-25|2024-11-25|3|06650|3|7.00|
9000190||9|8400400|67301998||Chavigny|2024-11-25|2024-11-25|4|02600|5|6.00|
9000190||9|8400400|67301998||Chavigny|2024-11-25|2024-11-25|5|09650|1|6.00|
9000190||9|8400400|67301998||Chavigny|2024-11-25|2024-11-25|6|20675|4|8.00|
9000190||9|8400400|67301998||Chavigny|2024-11-25|2024-11-25|7|21675|2|8.00|
9000191||9|8400400|67301997||Chavigny|2024-11-25|2024-11-25|1|01650|1|6.00|
9000191||9|8400400|67301997||Chavigny|2024-11-25|2024-11-25|2|10650|2|6.00|
9000191||9|8400400|67301997||Chavigny|2024-11-25|2024-11-25|3|03650|2|7.00|
9000191||9|8400400|67301997||Chavigny|2024-11-25|2024-11-25|4|04650|1|7.00|
9000191||9|8400400|67301997||Chavigny|2024-11-25|2024-11-25|5|05650|1|6.00|
9000191||9|8400400|67301997||Chavigny|2024-11-25|2024-11-25|6|06650|1|7.00|
9000191||9|8400400|67301997||Chavigny|2024-11-25|2024-11-25|7|02600|6|6.00|
9000191||9|8400400|67301997||Chavigny|2024-11-25|2024-11-25|8|09650|2|6.00|
9000191||9|8400400|67301997||Chavigny|2024-11-25|2024-11-25|9|20675|2|8.00|
9000191||9|8400400|67301997||Chavigny|2024-11-25|2024-11-25|10|21675|5|8.00|
9000192||9|8400400|67301996||Chavigny|2024-11-25|2024-11-25|1|01650|3|6.00|
9000192||9|8400400|67301996||Chavigny|2024-11-25|2024-11-25|2|10650|5|6.00|
9000192||9|8400400|67301996||Chavigny|2024-11-25|2024-11-25|3|03650|4|7.00|
9000192||9|8400400|67301996||Chavigny|2024-11-25|2024-11-25|4|04650|1|7.00|
9000192||9|8400400|67301996||Chavigny|2024-11-25|2024-11-25|5|06650|8|7.00|
9000192||9|8400400|67301996||Chavigny|2024-11-25|2024-11-25|6|02600|3|6.00|
9000192||9|8400400|67301996||Chavigny|2024-11-25|2024-11-25|7|09650|6|6.00|
9000192||9|8400400|67301996||Chavigny|2024-11-25|2024-11-25|8|20675|8|8.00|
9000192||9|8400400|67301996||Chavigny|2024-11-25|2024-11-25|9|21675|8|8.00|
9000193||9|8400400|67301995||Chavigny|2024-11-25|2024-11-25|1|01650|1|6.00|
9000193||9|8400400|67301995||Chavigny|2024-11-25|2024-11-25|2|10650|2|6.00|
9000193||9|8400400|67301995||Chavigny|2024-11-25|2024-11-25|3|03650|1|7.00|
9000193||9|8400400|67301995||Chavigny|2024-11-25|2024-11-25|4|05650|2|6.00|
9000193||9|8400400|67301995||Chavigny|2024-11-25|2024-11-25|5|06650|1|7.00|
9000193||9|8400400|67301995||Chavigny|2024-11-25|2024-11-25|6|02600|2|6.00|
9000193||9|8400400|67301995||Chavigny|2024-11-25|2024-11-25|7|09650|1|6.00|
9000193||9|8400400|67301995||Chavigny|2024-11-25|2024-11-25|8|20675|4|8.00|
9000193||9|8400400|67301995||Chavigny|2024-11-25|2024-11-25|9|21675|4|8.00|
9000194||9|8400400|67301994||Chavigny|2024-11-25|2024-11-25|1|01650|3|6.00|
9000194||9|8400400|67301994||Chavigny|2024-11-25|2024-11-25|2|10650|3|6.00|
9000194||9|8400400|67301994||Chavigny|2024-11-25|2024-11-25|3|03650|2|7.00|
9000194||9|8400400|67301994||Chavigny|2024-11-25|2024-11-25|4|04650|1|7.00|
9000194||9|8400400|67301994||Chavigny|2024-11-25|2024-11-25|5|05650|3|6.00|
9000194||9|8400400|67301994||Chavigny|2024-11-25|2024-11-25|6|06650|4|7.00|
9000194||9|8400400|67301994||Chavigny|2024-11-25|2024-11-25|7|02600|4|6.00|
9000194||9|8400400|67301994||Chavigny|2024-11-25|2024-11-25|8|09650|6|6.00|
9000194||9|8400400|67301994||Chavigny|2024-11-25|2024-11-25|9|21675|1|8.00|
9000195||9|8400400|67301993||Chavigny|2024-11-25|2024-11-25|1|01650|1|6.00|
9000195||9|8400400|67301993||Chavigny|2024-11-25|2024-11-25|2|10650|5|6.00|
9000195||9|8400400|67301993||Chavigny|2024-11-25|2024-11-25|3|03650|3|7.00|
9000195||9|8400400|67301993||Chavigny|2024-11-25|2024-11-25|4|04650|3|7.00|
9000195||9|8400400|67301993||Chavigny|2024-11-25|2024-11-25|5|06650|5|7.00|
9000195||9|8400400|67301993||Chavigny|2024-11-25|2024-11-25|6|02600|5|6.00|
9000195||9|8400400|67301993||Chavigny|2024-11-25|2024-11-25|7|09650|1|6.00|
9000195||9|8400400|67301993||Chavigny|2024-11-25|2024-11-25|8|20675|5|8.00|
9000195||9|8400400|67301993||Chavigny|2024-11-25|2024-11-25|9|21675|3|8.00|
9000196||9|8400400|67301992||Chavigny|2024-11-25|2024-11-25|1|01650|3|6.00|
9000196||9|8400400|67301992||Chavigny|2024-11-25|2024-11-25|2|10650|3|6.00|
9000196||9|8400400|67301992||Chavigny|2024-11-25|2024-11-25|3|03650|2|7.00|
9000196||9|8400400|67301992||Chavigny|2024-11-25|2024-11-25|4|04650|1|7.00|
9000196||9|8400400|67301992||Chavigny|2024-11-25|2024-11-25|5|05650|3|6.00|
9000196||9|8400400|67301992||Chavigny|2024-11-25|2024-11-25|6|06650|5|7.00|
9000196||9|8400400|67301992||Chavigny|2024-11-25|2024-11-25|7|02600|5|6.00|
9000196||9|8400400|67301992||Chavigny|2024-11-25|2024-11-25|8|09650|6|6.00|
9000196||9|8400400|67301992||Chavigny|2024-11-25|2024-11-25|9|21675|2|8.00|
9000197||9|8400400|67301991||Chavigny|2024-11-25|2024-11-25|1|01650|2|6.00|
9000197||9|8400400|67301991||Chavigny|2024-11-25|2024-11-25|2|10650|7|6.00|
9000197||9|8400400|67301991||Chavigny|2024-11-25|2024-11-25|3|03650|1|7.00|
9000197||9|8400400|67301991||Chavigny|2024-11-25|2024-11-25|4|04650|1|7.00|
9000197||9|8400400|67301991||Chavigny|2024-11-25|2024-11-25|5|05650|1|6.00|
9000197||9|8400400|67301991||Chavigny|2024-11-25|2024-11-25|6|06650|7|7.00|
9000197||9|8400400|67301991||Chavigny|2024-11-25|2024-11-25|7|02600|7|6.00|
9000197||9|8400400|67301991||Chavigny|2024-11-25|2024-11-25|8|21675|2|8.00|
9000198||9|8400400|67301990||Chavigny|2024-11-25|2024-11-25|1|10650|1|6.00|
9000198||9|8400400|67301990||Chavigny|2024-11-25|2024-11-25|2|03650|2|7.00|
9000198||9|8400400|67301990||Chavigny|2024-11-25|2024-11-25|3|04650|6|7.00|
9000198||9|8400400|67301990||Chavigny|2024-11-25|2024-11-25|4|05650|2|6.00|
9000198||9|8400400|67301990||Chavigny|2024-11-25|2024-11-25|5|06650|1|7.00|
9000198||9|8400400|67301990||Chavigny|2024-11-25|2024-11-25|6|02600|3|6.00|
9000198||9|8400400|67301990||Chavigny|2024-11-25|2024-11-25|7|09650|5|6.00|
9000198||9|8400400|67301990||Chavigny|2024-11-25|2024-11-25|8|20675|8|8.00|
9000198||9|8400400|67301990||Chavigny|2024-11-25|2024-11-25|9|21675|5|8.00|
9000199||9|8400400|67301989||Chavigny|2024-11-25|2024-11-25|1|01650|3|6.00|
9000199||9|8400400|67301989||Chavigny|2024-11-25|2024-11-25|2|10650|3|6.00|
9000199||9|8400400|67301989||Chavigny|2024-11-25|2024-11-25|3|03650|1|7.00|
9000199||9|8400400|67301989||Chavigny|2024-11-25|2024-11-25|4|04650|3|7.00|
9000199||9|8400400|67301989||Chavigny|2024-11-25|2024-11-25|5|06650|5|7.00|
9000199||9|8400400|67301989||Chavigny|2024-11-25|2024-11-25|6|02600|2|6.00|
9000199||9|8400400|67301989||Chavigny|2024-11-25|2024-11-25|7|09650|1|6.00|
9000199||9|8400400|67301989||Chavigny|2024-11-25|2024-11-25|8|20675|9|8.00|
9000199||9|8400400|67301989||Chavigny|2024-11-25|2024-11-25|9|21675|6|8.00|
9000200||9|8400400|67301988||Chavigny|2024-11-25|2024-11-25|1|01650|1|6.00|
9000200||9|8400400|67301988||Chavigny|2024-11-25|2024-11-25|2|10650|2|6.00|
9000200||9|8400400|67301988||Chavigny|2024-11-25|2024-11-25|3|05650|1|6.00|
9000200||9|8400400|67301988||Chavigny|2024-11-25|2024-11-25|4|06650|3|7.00|
9000200||9|8400400|67301988||Chavigny|2024-11-25|2024-11-25|5|02600|3|6.00|
9000200||9|8400400|67301988||Chavigny|2024-11-25|2024-11-25|6|09650|4|6.00|
9000200||9|8400400|67301988||Chavigny|2024-11-25|2024-11-25|7|20675|1|8.00|
9000200||9|8400400|67301988||Chavigny|2024-11-25|2024-11-25|8|21675|1|8.00|
9000201||9|8400400|67301987||Chavigny|2024-11-25|2024-11-25|1|10650|1|6.00|
9000201||9|8400400|67301987||Chavigny|2024-11-25|2024-11-25|2|02600|2|6.00|
9000201||9|8400400|67301987||Chavigny|2024-11-25|2024-11-25|3|09650|2|6.00|
9000201||9|8400400|67301987||Chavigny|2024-11-25|2024-11-25|4|20675|3|8.00|
9000201||9|8400400|67301987||Chavigny|2024-11-25|2024-11-25|5|21675|4|8.00|
9000202||9|8400400|67301986||Chavigny|2024-11-25|2024-11-25|1|01650|2|6.00|
9000202||9|8400400|67301986||Chavigny|2024-11-25|2024-11-25|2|10650|2|6.00|
9000202||9|8400400|67301986||Chavigny|2024-11-25|2024-11-25|3|04650|1|7.00|
9000202||9|8400400|67301986||Chavigny|2024-11-25|2024-11-25|4|05650|1|6.00|
9000202||9|8400400|67301986||Chavigny|2024-11-25|2024-11-25|5|06650|3|7.00|
9000202||9|8400400|67301986||Chavigny|2024-11-25|2024-11-25|6|02600|4|6.00|
9000202||9|8400400|67301986||Chavigny|2024-11-25|2024-11-25|7|09650|4|6.00|
9000202||9|8400400|67301986||Chavigny|2024-11-25|2024-11-25|8|20675|2|8.00|
9000202||9|8400400|67301986||Chavigny|2024-11-25|2024-11-25|9|21675|3|8.00|
9000203||9|8400400|67301985||Chavigny|2024-11-25|2024-11-25|1|01650|5|6.00|
9000203||9|8400400|67301985||Chavigny|2024-11-25|2024-11-25|2|10650|15|6.00|
9000203||9|8400400|67301985||Chavigny|2024-11-25|2024-11-25|3|03650|5|7.00|
9000203||9|8400400|67301985||Chavigny|2024-11-25|2024-11-25|4|04650|11|7.00|
9000203||9|8400400|67301985||Chavigny|2024-11-25|2024-11-25|5|05650|6|6.00|
9000203||9|8400400|67301985||Chavigny|2024-11-25|2024-11-25|6|06650|9|7.00|
9000203||9|8400400|67301985||Chavigny|2024-11-25|2024-11-25|7|02600|11|6.00|
9000203||9|8400400|67301985||Chavigny|2024-11-25|2024-11-25|8|09650|3|6.00|
9000203||9|8400400|67301985||Chavigny|2024-11-25|2024-11-25|9|20675|23|8.00|
9000203||9|8400400|67301985||Chavigny|2024-11-25|2024-11-25|10|21675|17|8.00|
9000204||9|8400400|67301984||Chavigny|2024-11-25|2024-11-25|1|10650|2|6.00|
9000204||9|8400400|67301984||Chavigny|2024-11-25|2024-11-25|2|04650|2|7.00|
9000204||9|8400400|67301984||Chavigny|2024-11-25|2024-11-25|3|02600|2|6.00|
9000204||9|8400400|67301984||Chavigny|2024-11-25|2024-11-25|4|09650|3|6.00|
9000204||9|8400400|67301984||Chavigny|2024-11-25|2024-11-25|5|20675|4|8.00|
9000204||9|8400400|67301984||Chavigny|2024-11-25|2024-11-25|6|21675|4|8.00|
9000205||9|8400400|67301983||Chavigny|2024-11-25|2024-11-25|1|10650|6|6.00|
9000205||9|8400400|67301983||Chavigny|2024-11-25|2024-11-25|2|03650|1|7.00|
9000205||9|8400400|67301983||Chavigny|2024-11-25|2024-11-25|3|04650|1|7.00|
9000205||9|8400400|67301983||Chavigny|2024-11-25|2024-11-25|4|05650|1|6.00|
9000205||9|8400400|67301983||Chavigny|2024-11-25|2024-11-25|5|06650|4|7.00|
9000205||9|8400400|67301983||Chavigny|2024-11-25|2024-11-25|6|02600|5|6.00|
9000205||9|8400400|67301983||Chavigny|2024-11-25|2024-11-25|7|09650|2|6.00|
9000205||9|8400400|67301983||Chavigny|2024-11-25|2024-11-25|8|20675|8|8.00|
9000205||9|8400400|67301983||Chavigny|2024-11-25|2024-11-25|9|21675|7|8.00|
9000206||9|8400400|67301982||Chavigny|2024-11-25|2024-11-25|1|01650|3|6.00|
9000206||9|8400400|67301982||Chavigny|2024-11-25|2024-11-25|2|10650|4|6.00|
9000206||9|8400400|67301982||Chavigny|2024-11-25|2024-11-25|3|03650|3|7.00|
9000206||9|8400400|67301982||Chavigny|2024-11-25|2024-11-25|4|04650|4|7.00|
9000206||9|8400400|67301982||Chavigny|2024-11-25|2024-11-25|5|05650|3|6.00|
9000206||9|8400400|67301982||Chavigny|2024-11-25|2024-11-25|6|06650|1|7.00|
9000206||9|8400400|67301982||Chavigny|2024-11-25|2024-11-25|7|02600|8|6.00|
9000206||9|8400400|67301982||Chavigny|2024-11-25|2024-11-25|8|09650|7|6.00|
9000206||9|8400400|67301982||Chavigny|2024-11-25|2024-11-25|9|20675|8|8.00|
9000206||9|8400400|67301982||Chavigny|2024-11-25|2024-11-25|10|21675|25|8.00|
9000207||9|8400400|67301981||Chavigny|2024-11-25|2024-11-25|1|10650|2|6.00|
9000207||9|8400400|67301981||Chavigny|2024-11-25|2024-11-25|2|03650|3|7.00|
9000207||9|8400400|67301981||Chavigny|2024-11-25|2024-11-25|3|05650|2|6.00|
9000207||9|8400400|67301981||Chavigny|2024-11-25|2024-11-25|4|02600|6|6.00|
9000207||9|8400400|67301981||Chavigny|2024-11-25|2024-11-25|5|20675|4|8.00|
9000207||9|8400400|67301981||Chavigny|2024-11-25|2024-11-25|6|21675|4|8.00|
9000208||9|8400400|67301980||Chavigny|2024-11-25|2024-11-25|1|04650|1|7.00|
9000208||9|8400400|67301980||Chavigny|2024-11-25|2024-11-25|2|20675|1|8.00|
9000209||9|8400400|67301979||Chavigny|2024-11-25|2024-11-25|1|01650|1|6.00|
9000209||9|8400400|67301979||Chavigny|2024-11-25|2024-11-25|2|10650|6|6.00|
9000209||9|8400400|67301979||Chavigny|2024-11-25|2024-11-25|3|04650|1|7.00|
9000209||9|8400400|67301979||Chavigny|2024-11-25|2024-11-25|4|05650|1|6.00|
9000209||9|8400400|67301979||Chavigny|2024-11-25|2024-11-25|5|06650|2|7.00|
9000209||9|8400400|67301979||Chavigny|2024-11-25|2024-11-25|6|02600|3|6.00|
9000209||9|8400400|67301979||Chavigny|2024-11-25|2024-11-25|7|09650|3|6.00|
9000209||9|8400400|67301979||Chavigny|2024-11-25|2024-11-25|8|20675|5|8.00|
9000209||9|8400400|67301979||Chavigny|2024-11-25|2024-11-25|9|21675|9|8.00|
9000210||9|8400400|67301978||Chavigny|2024-11-25|2024-11-25|1|10650|1|6.00|
9000210||9|8400400|67301978||Chavigny|2024-11-25|2024-11-25|2|06650|1|7.00|
9000211||9|8400400|67301977||Chavigny|2024-11-25|2024-11-25|1|01650|4|6.00|
9000211||9|8400400|67301977||Chavigny|2024-11-25|2024-11-25|2|10650|2|6.00|
9000211||9|8400400|67301977||Chavigny|2024-11-25|2024-11-25|3|04650|1|7.00|
9000211||9|8400400|67301977||Chavigny|2024-11-25|2024-11-25|4|05650|2|6.00|
9000211||9|8400400|67301977||Chavigny|2024-11-25|2024-11-25|5|06650|1|7.00|
9000211||9|8400400|67301977||Chavigny|2024-11-25|2024-11-25|6|02600|7|6.00|
9000211||9|8400400|67301977||Chavigny|2024-11-25|2024-11-25|7|09650|1|6.00|
9000211||9|8400400|67301977||Chavigny|2024-11-25|2024-11-25|8|20675|4|8.00|
9000211||9|8400400|67301977||Chavigny|2024-11-25|2024-11-25|9|21675|6|8.00|
9000212||9|8400400|67301976||Chavigny|2024-11-25|2024-11-25|1|01650|2|6.00|
9000212||9|8400400|67301976||Chavigny|2024-11-25|2024-11-25|2|10650|5|6.00|
9000212||9|8400400|67301976||Chavigny|2024-11-25|2024-11-25|3|03650|2|7.00|
9000212||9|8400400|67301976||Chavigny|2024-11-25|2024-11-25|4|04650|2|7.00|
9000212||9|8400400|67301976||Chavigny|2024-11-25|2024-11-25|5|05650|1|6.00|
9000212||9|8400400|67301976||Chavigny|2024-11-25|2024-11-25|6|06650|4|7.00|
9000212||9|8400400|67301976||Chavigny|2024-11-25|2024-11-25|7|02600|6|6.00|
9000212||9|8400400|67301976||Chavigny|2024-11-25|2024-11-25|8|09650|3|6.00|
9000212||9|8400400|67301976||Chavigny|2024-11-25|2024-11-25|9|20675|4|8.00|
9000212||9|8400400|67301976||Chavigny|2024-11-25|2024-11-25|10|21675|3|8.00|
9000213||9|8400400|67301975||Chavigny|2024-11-25|2024-11-25|1|01650|2|6.00|
9000213||9|8400400|67301975||Chavigny|2024-11-25|2024-11-25|2|10650|4|6.00|
9000213||9|8400400|67301975||Chavigny|2024-11-25|2024-11-25|3|03650|1|7.00|
9000213||9|8400400|67301975||Chavigny|2024-11-25|2024-11-25|4|04650|2|7.00|
9000213||9|8400400|67301975||Chavigny|2024-11-25|2024-11-25|5|06650|2|7.00|
9000213||9|8400400|67301975||Chavigny|2024-11-25|2024-11-25|6|02600|5|6.00|
9000213||9|8400400|67301975||Chavigny|2024-11-25|2024-11-25|7|09650|2|6.00|
9000213||9|8400400|67301975||Chavigny|2024-11-25|2024-11-25|8|20675|6|8.00|
9000213||9|8400400|67301975||Chavigny|2024-11-25|2024-11-25|9|21675|5|8.00|
9000214||9|8400400|67301974||Chavigny|2024-11-25|2024-11-25|1|01650|1|6.00|
9000214||9|8400400|67301974||Chavigny|2024-11-25|2024-11-25|2|10650|3|6.00|
9000214||9|8400400|67301974||Chavigny|2024-11-25|2024-11-25|3|03650|1|7.00|
9000214||9|8400400|67301974||Chavigny|2024-11-25|2024-11-25|4|04650|2|7.00|
9000214||9|8400400|67301974||Chavigny|2024-11-25|2024-11-25|5|06650|1|7.00|
9000214||9|8400400|67301974||Chavigny|2024-11-25|2024-11-25|6|02600|2|6.00|
9000214||9|8400400|67301974||Chavigny|2024-11-25|2024-11-25|7|20675|4|8.00|
9000214||9|8400400|67301974||Chavigny|2024-11-25|2024-11-25|8|21675|2|8.00|
9000215||9|8400400|67301973||Chavigny|2024-11-25|2024-11-25|1|01650|2|6.00|
9000215||9|8400400|67301973||Chavigny|2024-11-25|2024-11-25|2|03650|2|7.00|
9000216||9|8400400|67301972||Chavigny|2024-11-25|2024-11-25|1|01650|4|6.00|
9000216||9|8400400|67301972||Chavigny|2024-11-25|2024-11-25|2|03650|2|7.00|
9000216||9|8400400|67301972||Chavigny|2024-11-25|2024-11-25|3|04650|1|7.00|
9000216||9|8400400|67301972||Chavigny|2024-11-25|2024-11-25|4|05650|2|6.00|
9000216||9|8400400|67301972||Chavigny|2024-11-25|2024-11-25|5|02600|9|6.00|
9000216||9|8400400|67301972||Chavigny|2024-11-25|2024-11-25|6|09650|1|6.00|
9000216||9|8400400|67301972||Chavigny|2024-11-25|2024-11-25|7|20675|1|8.00|
9000216||9|8400400|67301972||Chavigny|2024-11-25|2024-11-25|8|21675|2|8.00|
9000217||9|8400400|67301971||Chavigny|2024-11-25|2024-11-25|1|01650|1|6.00|
9000217||9|8400400|67301971||Chavigny|2024-11-25|2024-11-25|2|10650|14|6.00|
9000217||9|8400400|67301971||Chavigny|2024-11-25|2024-11-25|3|03650|3|7.00|
9000217||9|8400400|67301971||Chavigny|2024-11-25|2024-11-25|4|04650|1|7.00|
9000217||9|8400400|67301971||Chavigny|2024-11-25|2024-11-25|5|05650|1|6.00|
9000217||9|8400400|67301971||Chavigny|2024-11-25|2024-11-25|6|06650|12|7.00|
9000217||9|8400400|67301971||Chavigny|2024-11-25|2024-11-25|7|02600|8|6.00|
9000217||9|8400400|67301971||Chavigny|2024-11-25|2024-11-25|8|09650|5|6.00|
9000217||9|8400400|67301971||Chavigny|2024-11-25|2024-11-25|9|20675|14|8.00|
9000217||9|8400400|67301971||Chavigny|2024-11-25|2024-11-25|10|21675|9|8.00|
9000218||9|8400400|67301970||Chavigny|2024-11-25|2024-11-25|1|10650|1|6.00|
9000218||9|8400400|67301970||Chavigny|2024-11-25|2024-11-25|2|03650|2|7.00|
9000218||9|8400400|67301970||Chavigny|2024-11-25|2024-11-25|3|06650|1|7.00|
9000218||9|8400400|67301970||Chavigny|2024-11-25|2024-11-25|4|02600|3|6.00|
9000218||9|8400400|67301970||Chavigny|2024-11-25|2024-11-25|5|09650|1|6.00|
9000218||9|8400400|67301970||Chavigny|2024-11-25|2024-11-25|6|20675|3|8.00|
9000218||9|8400400|67301970||Chavigny|2024-11-25|2024-11-25|7|21675|1|8.00|
9000219||9|8400400|67301969||Chavigny|2024-11-25|2024-11-25|1|10650|4|6.00|
9000219||9|8400400|67301969||Chavigny|2024-11-25|2024-11-25|2|03650|6|7.00|
9000219||9|8400400|67301969||Chavigny|2024-11-25|2024-11-25|3|04650|5|7.00|
9000219||9|8400400|67301969||Chavigny|2024-11-25|2024-11-25|4|05650|4|6.00|
9000219||9|8400400|67301969||Chavigny|2024-11-25|2024-11-25|5|06650|4|7.00|
9000219||9|8400400|67301969||Chavigny|2024-11-25|2024-11-25|6|02600|10|6.00|
9000219||9|8400400|67301969||Chavigny|2024-11-25|2024-11-25|7|09650|4|6.00|
9000219||9|8400400|67301969||Chavigny|2024-11-25|2024-11-25|8|20675|13|8.00|
9000219||9|8400400|67301969||Chavigny|2024-11-25|2024-11-25|9|21675|10|8.00|
9000220||9|8400400|67301968||Chavigny|2024-11-25|2024-11-25|1|01650|1|6.00|
9000220||9|8400400|67301968||Chavigny|2024-11-25|2024-11-25|2|10650|1|6.00|
9000220||9|8400400|67301968||Chavigny|2024-11-25|2024-11-25|3|03650|6|7.00|
9000220||9|8400400|67301968||Chavigny|2024-11-25|2024-11-25|4|04650|5|7.00|
9000220||9|8400400|67301968||Chavigny|2024-11-25|2024-11-25|5|05650|2|6.00|
9000220||9|8400400|67301968||Chavigny|2024-11-25|2024-11-25|6|06650|5|7.00|
9000220||9|8400400|67301968||Chavigny|2024-11-25|2024-11-25|7|02600|6|6.00|
9000220||9|8400400|67301968||Chavigny|2024-11-25|2024-11-25|8|09650|2|6.00|
9000220||9|8400400|67301968||Chavigny|2024-11-25|2024-11-25|9|20675|3|8.00|
9000220||9|8400400|67301968||Chavigny|2024-11-25|2024-11-25|10|21675|9|8.00|
9000221||9|8400400|67301967||Chavigny|2024-11-25|2024-11-25|1|01650|2|6.00|
9000221||9|8400400|67301967||Chavigny|2024-11-25|2024-11-25|2|10650|14|6.00|
9000221||9|8400400|67301967||Chavigny|2024-11-25|2024-11-25|3|03650|1|7.00|
9000221||9|8400400|67301967||Chavigny|2024-11-25|2024-11-25|4|04650|2|7.00|
9000221||9|8400400|67301967||Chavigny|2024-11-25|2024-11-25|5|05650|1|6.00|
9000221||9|8400400|67301967||Chavigny|2024-11-25|2024-11-25|6|06650|9|7.00|
9000221||9|8400400|67301967||Chavigny|2024-11-25|2024-11-25|7|02600|9|6.00|
9000221||9|8400400|67301967||Chavigny|2024-11-25|2024-11-25|8|09650|17|6.00|
9000221||9|8400400|67301967||Chavigny|2024-11-25|2024-11-25|9|20675|9|8.00|
9000221||9|8400400|67301967||Chavigny|2024-11-25|2024-11-25|10|21675|9|8.00|
9000222||9|8400400|67301966||Chavigny|2024-11-25|2024-11-25|1|01650|2|6.00|
9000222||9|8400400|67301966||Chavigny|2024-11-25|2024-11-25|2|10650|3|6.00|
9000222||9|8400400|67301966||Chavigny|2024-11-25|2024-11-25|3|03650|3|7.00|
9000222||9|8400400|67301966||Chavigny|2024-11-25|2024-11-25|4|04650|1|7.00|
9000222||9|8400400|67301966||Chavigny|2024-11-25|2024-11-25|5|06650|2|7.00|
9000222||9|8400400|67301966||Chavigny|2024-11-25|2024-11-25|6|02600|5|6.00|
9000222||9|8400400|67301966||Chavigny|2024-11-25|2024-11-25|7|09650|3|6.00|
9000222||9|8400400|67301966||Chavigny|2024-11-25|2024-11-25|8|20675|2|8.00|
9000222||9|8400400|67301966||Chavigny|2024-11-25|2024-11-25|9|21675|4|8.00|
9000223||9|8400400|67301965||Chavigny|2024-11-25|2024-11-25|1|10650|4|6.00|
9000223||9|8400400|67301965||Chavigny|2024-11-25|2024-11-25|2|03650|6|7.00|
9000223||9|8400400|67301965||Chavigny|2024-11-25|2024-11-25|3|04650|5|7.00|
9000223||9|8400400|67301965||Chavigny|2024-11-25|2024-11-25|4|05650|4|6.00|
9000223||9|8400400|67301965||Chavigny|2024-11-25|2024-11-25|5|06650|4|7.00|
9000223||9|8400400|67301965||Chavigny|2024-11-25|2024-11-25|6|02600|10|6.00|
9000223||9|8400400|67301965||Chavigny|2024-11-25|2024-11-25|7|09650|4|6.00|
9000223||9|8400400|67301965||Chavigny|2024-11-25|2024-11-25|8|20675|13|8.00|
9000223||9|8400400|67301965||Chavigny|2024-11-25|2024-11-25|9|21675|10|8.00|
9000224||9|8400400|67301964||Chavigny|2024-11-25|2024-11-25|1|10650|1|6.00|
9000224||9|8400400|67301964||Chavigny|2024-11-25|2024-11-25|2|04650|1|7.00|
9000224||9|8400400|67301964||Chavigny|2024-11-25|2024-11-25|3|05650|1|6.00|
9000224||9|8400400|67301964||Chavigny|2024-11-25|2024-11-25|4|06650|2|7.00|
9000224||9|8400400|67301964||Chavigny|2024-11-25|2024-11-25|5|02600|7|6.00|
9000224||9|8400400|67301964||Chavigny|2024-11-25|2024-11-25|6|09650|1|6.00|
9000224||9|8400400|67301964||Chavigny|2024-11-25|2024-11-25|7|20675|4|8.00|
9000224||9|8400400|67301964||Chavigny|2024-11-25|2024-11-25|8|21675|2|8.00|
9000225||9|8400400|67301963||Chavigny|2024-11-25|2024-11-25|1|01650|1|6.00|
9000225||9|8400400|67301963||Chavigny|2024-11-25|2024-11-25|2|10650|5|6.00|
9000225||9|8400400|67301963||Chavigny|2024-11-25|2024-11-25|3|03650|1|7.00|
9000225||9|8400400|67301963||Chavigny|2024-11-25|2024-11-25|4|04650|5|7.00|
9000225||9|8400400|67301963||Chavigny|2024-11-25|2024-11-25|5|05650|1|6.00|
9000225||9|8400400|67301963||Chavigny|2024-11-25|2024-11-25|6|06650|1|7.00|
9000225||9|8400400|67301963||Chavigny|2024-11-25|2024-11-25|7|02600|6|6.00|
9000225||9|8400400|67301963||Chavigny|2024-11-25|2024-11-25|8|09650|3|6.00|
9000225||9|8400400|67301963||Chavigny|2024-11-25|2024-11-25|9|20675|2|8.00|
9000225||9|8400400|67301963||Chavigny|2024-11-25|2024-11-25|10|21675|5|8.00|
9000226||9|8400400|67301962||Chavigny|2024-11-25|2024-11-25|1|01650|2|6.00|
9000226||9|8400400|67301962||Chavigny|2024-11-25|2024-11-25|2|10650|2|6.00|
9000226||9|8400400|67301962||Chavigny|2024-11-25|2024-11-25|3|03650|3|7.00|
9000226||9|8400400|67301962||Chavigny|2024-11-25|2024-11-25|4|04650|2|7.00|
9000226||9|8400400|67301962||Chavigny|2024-11-25|2024-11-25|5|05650|1|6.00|
9000226||9|8400400|67301962||Chavigny|2024-11-25|2024-11-25|6|06650|2|7.00|
9000226||9|8400400|67301962||Chavigny|2024-11-25|2024-11-25|7|02600|6|6.00|
9000226||9|8400400|67301962||Chavigny|2024-11-25|2024-11-25|8|09650|3|6.00|
9000226||9|8400400|67301962||Chavigny|2024-11-25|2024-11-25|9|20675|2|8.00|
9000226||9|8400400|67301962||Chavigny|2024-11-25|2024-11-25|10|21675|2|8.00|
9000227||9|8400400|67301961||Chavigny|2024-11-25|2024-11-25|1|01650|1|6.00|
9000227||9|8400400|67301961||Chavigny|2024-11-25|2024-11-25|2|10650|6|6.00|
9000227||9|8400400|67301961||Chavigny|2024-11-25|2024-11-25|3|03650|3|7.00|
9000227||9|8400400|67301961||Chavigny|2024-11-25|2024-11-25|4|04650|5|7.00|
9000227||9|8400400|67301961||Chavigny|2024-11-25|2024-11-25|5|06650|2|7.00|
9000227||9|8400400|67301961||Chavigny|2024-11-25|2024-11-25|6|02600|4|6.00|
9000227||9|8400400|67301961||Chavigny|2024-11-25|2024-11-25|7|09650|6|6.00|
9000227||9|8400400|67301961||Chavigny|2024-11-25|2024-11-25|8|20675|6|8.00|
9000227||9|8400400|67301961||Chavigny|2024-11-25|2024-11-25|9|21675|6|8.00|
9000228||9|8400400|67301960||Chavigny|2024-11-25|2024-11-25|1|01650|12|6.00|
9000228||9|8400400|67301960||Chavigny|2024-11-25|2024-11-25|2|10650|4|6.00|
9000228||9|8400400|67301960||Chavigny|2024-11-25|2024-11-25|3|03650|2|7.00|
9000228||9|8400400|67301960||Chavigny|2024-11-25|2024-11-25|4|04650|1|7.00|
9000228||9|8400400|67301960||Chavigny|2024-11-25|2024-11-25|5|06650|1|7.00|
9000228||9|8400400|67301960||Chavigny|2024-11-25|2024-11-25|6|02600|7|6.00|
9000228||9|8400400|67301960||Chavigny|2024-11-25|2024-11-25|7|09650|1|6.00|
9000228||9|8400400|67301960||Chavigny|2024-11-25|2024-11-25|8|20675|6|8.00|
9000228||9|8400400|67301960||Chavigny|2024-11-25|2024-11-25|9|21675|4|8.00|
9000229||9|8400400|67301959||Chavigny|2024-11-25|2024-11-25|1|01650|3|6.00|
9000229||9|8400400|67301959||Chavigny|2024-11-25|2024-11-25|2|10650|3|6.00|
9000229||9|8400400|67301959||Chavigny|2024-11-25|2024-11-25|3|03650|3|7.00|
9000229||9|8400400|67301959||Chavigny|2024-11-25|2024-11-25|4|04650|1|7.00|
9000229||9|8400400|67301959||Chavigny|2024-11-25|2024-11-25|5|06650|2|7.00|
9000229||9|8400400|67301959||Chavigny|2024-11-25|2024-11-25|6|02600|6|6.00|
9000229||9|8400400|67301959||Chavigny|2024-11-25|2024-11-25|7|20675|9|8.00|
9000229||9|8400400|67301959||Chavigny|2024-11-25|2024-11-25|8|21675|8|8.00|
9000230||9|8400400|67301958||Chavigny|2024-11-25|2024-11-25|1|10650|1|6.00|
9000230||9|8400400|67301958||Chavigny|2024-11-25|2024-11-25|2|03650|1|7.00|
9000230||9|8400400|67301958||Chavigny|2024-11-25|2024-11-25|3|04650|1|7.00|
9000230||9|8400400|67301958||Chavigny|2024-11-25|2024-11-25|4|06650|1|7.00|
9000230||9|8400400|67301958||Chavigny|2024-11-25|2024-11-25|5|02600|4|6.00|
9000230||9|8400400|67301958||Chavigny|2024-11-25|2024-11-25|6|09650|1|6.00|
9000230||9|8400400|67301958||Chavigny|2024-11-25|2024-11-25|7|20675|3|8.00|
9000230||9|8400400|67301958||Chavigny|2024-11-25|2024-11-25|8|21675|4|8.00|
9000231||9|8400400|67301957||Chavigny|2024-11-25|2024-11-25|1|05650|1|6.00|
9000231||9|8400400|67301957||Chavigny|2024-11-25|2024-11-25|2|09650|1|6.00|
9000231||9|8400400|67301957||Chavigny|2024-11-25|2024-11-25|3|20675|1|8.00|
9000232||9|8400400|67301956||Chavigny|2024-11-25|2024-11-25|1|01650|6|6.00|
9000232||9|8400400|67301956||Chavigny|2024-11-25|2024-11-25|2|10650|7|6.00|
9000232||9|8400400|67301956||Chavigny|2024-11-25|2024-11-25|3|03650|3|7.00|
9000232||9|8400400|67301956||Chavigny|2024-11-25|2024-11-25|4|04650|7|7.00|
9000232||9|8400400|67301956||Chavigny|2024-11-25|2024-11-25|5|05650|4|6.00|
9000232||9|8400400|67301956||Chavigny|2024-11-25|2024-11-25|6|06650|1|7.00|
9000232||9|8400400|67301956||Chavigny|2024-11-25|2024-11-25|7|02600|3|6.00|
9000232||9|8400400|67301956||Chavigny|2024-11-25|2024-11-25|8|09650|5|6.00|
9000232||9|8400400|67301956||Chavigny|2024-11-25|2024-11-25|9|20675|13|8.00|
9000232||9|8400400|67301956||Chavigny|2024-11-25|2024-11-25|10|21675|10|8.00|
9000233||9|8400400|67301955||Chavigny|2024-11-25|2024-11-25|1|01650|2|6.00|
9000233||9|8400400|67301955||Chavigny|2024-11-25|2024-11-25|2|10650|1|6.00|
9000233||9|8400400|67301955||Chavigny|2024-11-25|2024-11-25|3|05650|1|6.00|
9000233||9|8400400|67301955||Chavigny|2024-11-25|2024-11-25|4|06650|1|7.00|
9000233||9|8400400|67301955||Chavigny|2024-11-25|2024-11-25|5|02600|4|6.00|
9000233||9|8400400|67301955||Chavigny|2024-11-25|2024-11-25|6|09650|2|6.00|
9000233||9|8400400|67301955||Chavigny|2024-11-25|2024-11-25|7|20675|2|8.00|
9000234||9|8400400|67301954||Chavigny|2024-11-25|2024-11-25|1|01650|1|6.00|
9000234||9|8400400|67301954||Chavigny|2024-11-25|2024-11-25|2|10650|1|6.00|
9000234||9|8400400|67301954||Chavigny|2024-11-25|2024-11-25|3|03650|1|7.00|
9000234||9|8400400|67301954||Chavigny|2024-11-25|2024-11-25|4|04650|1|7.00|
9000234||9|8400400|67301954||Chavigny|2024-11-25|2024-11-25|5|05650|1|6.00|
9000234||9|8400400|67301954||Chavigny|2024-11-25|2024-11-25|6|06650|1|7.00|
9000234||9|8400400|67301954||Chavigny|2024-11-25|2024-11-25|7|02600|4|6.00|
9000234||9|8400400|67301954||Chavigny|2024-11-25|2024-11-25|8|20675|4|8.00|
9000234||9|8400400|67301954||Chavigny|2024-11-25|2024-11-25|9|21675|6|8.00|
9000235||9|8400400|67301953||Chavigny|2024-11-25|2024-11-25|1|01650|2|6.00|
9000235||9|8400400|67301953||Chavigny|2024-11-25|2024-11-25|2|10650|1|6.00|
9000235||9|8400400|67301953||Chavigny|2024-11-25|2024-11-25|3|03650|1|7.00|
9000235||9|8400400|67301953||Chavigny|2024-11-25|2024-11-25|4|04650|1|7.00|
9000235||9|8400400|67301953||Chavigny|2024-11-25|2024-11-25|5|05650|1|6.00|
9000235||9|8400400|67301953||Chavigny|2024-11-25|2024-11-25|6|06650|1|7.00|
9000235||9|8400400|67301953||Chavigny|2024-11-25|2024-11-25|7|02600|4|6.00|
9000235||9|8400400|67301953||Chavigny|2024-11-25|2024-11-25|8|20675|5|8.00|
9000235||9|8400400|67301953||Chavigny|2024-11-25|2024-11-25|9|21675|6|8.00|
9000236||9|8400400|67301952||Chavigny|2024-11-25|2024-11-25|1|10650|7|6.00|
9000236||9|8400400|67301952||Chavigny|2024-11-25|2024-11-25|2|03650|8|7.00|
9000236||9|8400400|67301952||Chavigny|2024-11-25|2024-11-25|3|04650|1|7.00|
9000236||9|8400400|67301952||Chavigny|2024-11-25|2024-11-25|4|06650|1|7.00|
9000236||9|8400400|67301952||Chavigny|2024-11-25|2024-11-25|5|02600|3|6.00|
9000236||9|8400400|67301952||Chavigny|2024-11-25|2024-11-25|6|09650|2|6.00|
9000236||9|8400400|67301952||Chavigny|2024-11-25|2024-11-25|7|20675|5|8.00|
9000236||9|8400400|67301952||Chavigny|2024-11-25|2024-11-25|8|21675|3|8.00|
9000237||9|8400400|67301951||Chavigny|2024-11-25|2024-11-25|1|01650|1|6.00|
9000237||9|8400400|67301951||Chavigny|2024-11-25|2024-11-25|2|10650|7|6.00|
9000237||9|8400400|67301951||Chavigny|2024-11-25|2024-11-25|3|03650|2|7.00|
9000237||9|8400400|67301951||Chavigny|2024-11-25|2024-11-25|4|04650|2|7.00|
9000237||9|8400400|67301951||Chavigny|2024-11-25|2024-11-25|5|06650|3|7.00|
9000237||9|8400400|67301951||Chavigny|2024-11-25|2024-11-25|6|02600|6|6.00|
9000237||9|8400400|67301951||Chavigny|2024-11-25|2024-11-25|7|09650|1|6.00|
9000237||9|8400400|67301951||Chavigny|2024-11-25|2024-11-25|8|20675|3|8.00|
9000237||9|8400400|67301951||Chavigny|2024-11-25|2024-11-25|9|21675|12|8.00|
9000238||9|8400400|67301950||Chavigny|2024-11-25|2024-11-25|1|10650|3|6.00|
9000238||9|8400400|67301950||Chavigny|2024-11-25|2024-11-25|2|03650|1|7.00|
9000238||9|8400400|67301950||Chavigny|2024-11-25|2024-11-25|3|04650|1|7.00|
9000238||9|8400400|67301950||Chavigny|2024-11-25|2024-11-25|4|05650|3|6.00|
9000238||9|8400400|67301950||Chavigny|2024-11-25|2024-11-25|5|06650|2|7.00|
9000238||9|8400400|67301950||Chavigny|2024-11-25|2024-11-25|6|02600|4|6.00|
9000238||9|8400400|67301950||Chavigny|2024-11-25|2024-11-25|7|09650|1|6.00|
9000238||9|8400400|67301950||Chavigny|2024-11-25|2024-11-25|8|20675|7|8.00|
9000238||9|8400400|67301950||Chavigny|2024-11-25|2024-11-25|9|21675|11|8.00|
9000239||9|8400400|67301949||Chavigny|2024-11-25|2024-11-25|1|06650|1|7.00|
9000240||9|8400400|67301948||Chavigny|2024-11-25|2024-11-25|1|10650|10|6.00|
9000240||9|8400400|67301948||Chavigny|2024-11-25|2024-11-25|2|03650|2|7.00|
9000240||9|8400400|67301948||Chavigny|2024-11-25|2024-11-25|3|04650|3|7.00|
9000240||9|8400400|67301948||Chavigny|2024-11-25|2024-11-25|4|06650|7|7.00|
9000240||9|8400400|67301948||Chavigny|2024-11-25|2024-11-25|5|02600|7|6.00|
9000240||9|8400400|67301948||Chavigny|2024-11-25|2024-11-25|6|09650|2|6.00|
9000240||9|8400400|67301948||Chavigny|2024-11-25|2024-11-25|7|20675|4|8.00|
9000240||9|8400400|67301948||Chavigny|2024-11-25|2024-11-25|8|21675|10|8.00|
9000241||9|8400400|67301947||Chavigny|2024-11-25|2024-11-25|1|10650|2|6.00|
9000241||9|8400400|67301947||Chavigny|2024-11-25|2024-11-25|2|04650|1|7.00|
9000241||9|8400400|67301947||Chavigny|2024-11-25|2024-11-25|3|02600|3|6.00|
9000241||9|8400400|67301947||Chavigny|2024-11-25|2024-11-25|4|21675|2|8.00|
9000242||9|8400400|67301946||Chavigny|2024-11-25|2024-11-25|1|10650|3|6.00|
9000242||9|8400400|67301946||Chavigny|2024-11-25|2024-11-25|2|03650|1|7.00|
9000242||9|8400400|67301946||Chavigny|2024-11-25|2024-11-25|3|06650|2|7.00|
9000242||9|8400400|67301946||Chavigny|2024-11-25|2024-11-25|4|02600|1|6.00|
9000242||9|8400400|67301946||Chavigny|2024-11-25|2024-11-25|5|09650|2|6.00|
9000242||9|8400400|67301946||Chavigny|2024-11-25|2024-11-25|6|20675|1|8.00|
9000242||9|8400400|67301946||Chavigny|2024-11-25|2024-11-25|7|21675|1|8.00|
9000243||9|8400400|67301945||Chavigny|2024-11-25|2024-11-25|1|01650|2|6.00|
9000243||9|8400400|67301945||Chavigny|2024-11-25|2024-11-25|2|10650|5|6.00|
9000243||9|8400400|67301945||Chavigny|2024-11-25|2024-11-25|3|03650|6|7.00|
9000243||9|8400400|67301945||Chavigny|2024-11-25|2024-11-25|4|04650|3|7.00|
9000243||9|8400400|67301945||Chavigny|2024-11-25|2024-11-25|5|06650|5|7.00|
9000243||9|8400400|67301945||Chavigny|2024-11-25|2024-11-25|6|02600|7|6.00|
9000243||9|8400400|67301945||Chavigny|2024-11-25|2024-11-25|7|09650|2|6.00|
9000243||9|8400400|67301945||Chavigny|2024-11-25|2024-11-25|8|20675|8|8.00|
9000243||9|8400400|67301945||Chavigny|2024-11-25|2024-11-25|9|21675|8|8.00|
9000244||9|8400400|67301944||Chavigny|2024-11-25|2024-11-25|1|01650|2|6.00|
9000244||9|8400400|67301944||Chavigny|2024-11-25|2024-11-25|2|10650|2|6.00|
9000244||9|8400400|67301944||Chavigny|2024-11-25|2024-11-25|3|03650|2|7.00|
9000244||9|8400400|67301944||Chavigny|2024-11-25|2024-11-25|4|04650|3|7.00|
9000244||9|8400400|67301944||Chavigny|2024-11-25|2024-11-25|5|05650|2|6.00|
9000244||9|8400400|67301944||Chavigny|2024-11-25|2024-11-25|6|06650|3|7.00|
9000244||9|8400400|67301944||Chavigny|2024-11-25|2024-11-25|7|02600|5|6.00|
9000244||9|8400400|67301944||Chavigny|2024-11-25|2024-11-25|8|09650|4|6.00|
9000244||9|8400400|67301944||Chavigny|2024-11-25|2024-11-25|9|20675|1|8.00|
9000244||9|8400400|67301944||Chavigny|2024-11-25|2024-11-25|10|21675|6|8.00|
9000245||9|8400400|67301943||Chavigny|2024-11-25|2024-11-25|1|01650|1|6.00|
9000245||9|8400400|67301943||Chavigny|2024-11-25|2024-11-25|2|10650|1|6.00|
9000245||9|8400400|67301943||Chavigny|2024-11-25|2024-11-25|3|03650|2|7.00|
9000245||9|8400400|67301943||Chavigny|2024-11-25|2024-11-25|4|04650|2|7.00|
9000245||9|8400400|67301943||Chavigny|2024-11-25|2024-11-25|5|05650|1|6.00|
9000245||9|8400400|67301943||Chavigny|2024-11-25|2024-11-25|6|06650|2|7.00|
9000245||9|8400400|67301943||Chavigny|2024-11-25|2024-11-25|7|02600|5|6.00|
9000245||9|8400400|67301943||Chavigny|2024-11-25|2024-11-25|8|09650|2|6.00|
9000245||9|8400400|67301943||Chavigny|2024-11-25|2024-11-25|9|20675|8|8.00|
9000245||9|8400400|67301943||Chavigny|2024-11-25|2024-11-25|10|21675|11|8.00|
9000246||9|8400400|67301942||Chavigny|2024-11-25|2024-11-25|1|01650|2|6.00|
9000246||9|8400400|67301942||Chavigny|2024-11-25|2024-11-25|2|10650|4|6.00|
9000246||9|8400400|67301942||Chavigny|2024-11-25|2024-11-25|3|03650|2|7.00|
9000246||9|8400400|67301942||Chavigny|2024-11-25|2024-11-25|4|04650|3|7.00|
9000246||9|8400400|67301942||Chavigny|2024-11-25|2024-11-25|5|06650|2|7.00|
9000246||9|8400400|67301942||Chavigny|2024-11-25|2024-11-25|6|02600|3|6.00|
9000246||9|8400400|67301942||Chavigny|2024-11-25|2024-11-25|7|09650|3|6.00|
9000246||9|8400400|67301942||Chavigny|2024-11-25|2024-11-25|8|20675|2|8.00|
9000246||9|8400400|67301942||Chavigny|2024-11-25|2024-11-25|9|21675|4|8.00|
9000247||9|8400400|67301941||Chavigny|2024-11-25|2024-11-25|1|01650|1|6.00|
9000247||9|8400400|67301941||Chavigny|2024-11-25|2024-11-25|2|10650|3|6.00|
9000247||9|8400400|67301941||Chavigny|2024-11-25|2024-11-25|3|05650|3|6.00|
9000247||9|8400400|67301941||Chavigny|2024-11-25|2024-11-25|4|06650|3|7.00|
9000247||9|8400400|67301941||Chavigny|2024-11-25|2024-11-25|5|02600|3|6.00|
9000247||9|8400400|67301941||Chavigny|2024-11-25|2024-11-25|6|09650|3|6.00|
9000247||9|8400400|67301941||Chavigny|2024-11-25|2024-11-25|7|20675|6|8.00|
9000247||9|8400400|67301941||Chavigny|2024-11-25|2024-11-25|8|21675|10|8.00|
9000248||9|8400400|67301940||Chavigny|2024-11-25|2024-11-25|1|01650|1|6.00|
9000248||9|8400400|67301940||Chavigny|2024-11-25|2024-11-25|2|10650|2|6.00|
9000248||9|8400400|67301940||Chavigny|2024-11-25|2024-11-25|3|03650|1|7.00|
9000248||9|8400400|67301940||Chavigny|2024-11-25|2024-11-25|4|04650|1|7.00|
9000248||9|8400400|67301940||Chavigny|2024-11-25|2024-11-25|5|06650|2|7.00|
9000248||9|8400400|67301940||Chavigny|2024-11-25|2024-11-25|6|09650|2|6.00|
9000248||9|8400400|67301940||Chavigny|2024-11-25|2024-11-25|7|20675|5|8.00|
9000248||9|8400400|67301940||Chavigny|2024-11-25|2024-11-25|8|21675|6|8.00|
9000249||9|8400400|67301939||Chavigny|2024-11-25|2024-11-25|1|01650|6|6.00|
9000249||9|8400400|67301939||Chavigny|2024-11-25|2024-11-25|2|10650|13|6.00|
9000249||9|8400400|67301939||Chavigny|2024-11-25|2024-11-25|3|03650|4|7.00|
9000249||9|8400400|67301939||Chavigny|2024-11-25|2024-11-25|4|04650|4|7.00|
9000249||9|8400400|67301939||Chavigny|2024-11-25|2024-11-25|5|05650|3|6.00|
9000249||9|8400400|67301939||Chavigny|2024-11-25|2024-11-25|6|06650|7|7.00|
9000249||9|8400400|67301939||Chavigny|2024-11-25|2024-11-25|7|02600|13|6.00|
9000249||9|8400400|67301939||Chavigny|2024-11-25|2024-11-25|8|09650|6|6.00|
9000249||9|8400400|67301939||Chavigny|2024-11-25|2024-11-25|9|20675|12|8.00|
9000249||9|8400400|67301939||Chavigny|2024-11-25|2024-11-25|10|21675|27|8.00|
9000250||9|8400400|67301938||Chavigny|2024-11-25|2024-11-25|1|10650|6|6.00|
9000250||9|8400400|67301938||Chavigny|2024-11-25|2024-11-25|2|03650|2|7.00|
9000250||9|8400400|67301938||Chavigny|2024-11-25|2024-11-25|3|04650|1|7.00|
9000250||9|8400400|67301938||Chavigny|2024-11-25|2024-11-25|4|05650|1|6.00|
9000250||9|8400400|67301938||Chavigny|2024-11-25|2024-11-25|5|06650|3|7.00|
9000250||9|8400400|67301938||Chavigny|2024-11-25|2024-11-25|6|02600|7|6.00|
9000250||9|8400400|67301938||Chavigny|2024-11-25|2024-11-25|7|09650|3|6.00|
9000250||9|8400400|67301938||Chavigny|2024-11-25|2024-11-25|8|20675|5|8.00|
9000250||9|8400400|67301938||Chavigny|2024-11-25|2024-11-25|9|21675|7|8.00|
9000251||9|8400400|67301937||Chavigny|2024-11-25|2024-11-25|1|01650|1|6.00|
9000251||9|8400400|67301937||Chavigny|2024-11-25|2024-11-25|2|10650|7|6.00|
9000251||9|8400400|67301937||Chavigny|2024-11-25|2024-11-25|3|03650|3|7.00|
9000251||9|8400400|67301937||Chavigny|2024-11-25|2024-11-25|4|04650|1|7.00|
9000251||9|8400400|67301937||Chavigny|2024-11-25|2024-11-25|5|05650|2|6.00|
9000251||9|8400400|67301937||Chavigny|2024-11-25|2024-11-25|6|06650|7|7.00|
9000251||9|8400400|67301937||Chavigny|2024-11-25|2024-11-25|7|02600|5|6.00|
9000251||9|8400400|67301937||Chavigny|2024-11-25|2024-11-25|8|09650|4|6.00|
9000251||9|8400400|67301937||Chavigny|2024-11-25|2024-11-25|9|20675|17|8.00|
9000251||9|8400400|67301937||Chavigny|2024-11-25|2024-11-25|10|21675|12|8.00|
9000252||9|8400400|67301936||Chavigny|2024-11-25|2024-11-25|1|10650|1|6.00|
9000252||9|8400400|67301936||Chavigny|2024-11-25|2024-11-25|2|04650|2|7.00|
9000252||9|8400400|67301936||Chavigny|2024-11-25|2024-11-25|3|06650|3|7.00|
9000252||9|8400400|67301936||Chavigny|2024-11-25|2024-11-25|4|09650|2|6.00|
9000252||9|8400400|67301936||Chavigny|2024-11-25|2024-11-25|5|20675|3|8.00|
9000252||9|8400400|67301936||Chavigny|2024-11-25|2024-11-25|6|21675|1|8.00|
9000253||9|8400400|67301935||Chavigny|2024-11-25|2024-11-25|1|10650|3|6.00|
9000253||9|8400400|67301935||Chavigny|2024-11-25|2024-11-25|2|03650|1|7.00|
9000253||9|8400400|67301935||Chavigny|2024-11-25|2024-11-25|3|04650|1|7.00|
9000253||9|8400400|67301935||Chavigny|2024-11-25|2024-11-25|4|05650|1|6.00|
9000253||9|8400400|67301935||Chavigny|2024-11-25|2024-11-25|5|06650|3|7.00|
9000253||9|8400400|67301935||Chavigny|2024-11-25|2024-11-25|6|02600|2|6.00|
9000253||9|8400400|67301935||Chavigny|2024-11-25|2024-11-25|7|20675|3|8.00|
9000253||9|8400400|67301935||Chavigny|2024-11-25|2024-11-25|8|21675|3|8.00|
9000254||9|8400400|67301934||Chavigny|2024-11-25|2024-11-25|1|01650|2|6.00|
9000254||9|8400400|67301934||Chavigny|2024-11-25|2024-11-25|2|10650|6|6.00|
9000254||9|8400400|67301934||Chavigny|2024-11-25|2024-11-25|3|03650|5|7.00|
9000254||9|8400400|67301934||Chavigny|2024-11-25|2024-11-25|4|04650|4|7.00|
9000254||9|8400400|67301934||Chavigny|2024-11-25|2024-11-25|5|05650|1|6.00|
9000254||9|8400400|67301934||Chavigny|2024-11-25|2024-11-25|6|06650|5|7.00|
9000254||9|8400400|67301934||Chavigny|2024-11-25|2024-11-25|7|02600|8|6.00|
9000254||9|8400400|67301934||Chavigny|2024-11-25|2024-11-25|8|09650|6|6.00|
9000254||9|8400400|67301934||Chavigny|2024-11-25|2024-11-25|9|20675|4|8.00|
9000254||9|8400400|67301934||Chavigny|2024-11-25|2024-11-25|10|21675|3|8.00|
9000255||9|8400400|67301933||Chavigny|2024-11-25|2024-11-25|1|01650|1|6.00|
9000255||9|8400400|67301933||Chavigny|2024-11-25|2024-11-25|2|03650|5|7.00|
9000255||9|8400400|67301933||Chavigny|2024-11-25|2024-11-25|3|02600|2|6.00|
9000255||9|8400400|67301933||Chavigny|2024-11-25|2024-11-25|4|09650|1|6.00|
9000255||9|8400400|67301933||Chavigny|2024-11-25|2024-11-25|5|20675|1|8.00|
9000255||9|8400400|67301933||Chavigny|2024-11-25|2024-11-25|6|21675|2|8.00|
9000256||9|8400400|67301932||Chavigny|2024-11-25|2024-11-25|1|01650|2|6.00|
9000256||9|8400400|67301932||Chavigny|2024-11-25|2024-11-25|2|10650|10|6.00|
9000256||9|8400400|67301932||Chavigny|2024-11-25|2024-11-25|3|03650|7|7.00|
9000256||9|8400400|67301932||Chavigny|2024-11-25|2024-11-25|4|04650|6|7.00|
9000256||9|8400400|67301932||Chavigny|2024-11-25|2024-11-25|5|05650|1|6.00|
9000256||9|8400400|67301932||Chavigny|2024-11-25|2024-11-25|6|06650|7|7.00|
9000256||9|8400400|67301932||Chavigny|2024-11-25|2024-11-25|7|02600|8|6.00|
9000256||9|8400400|67301932||Chavigny|2024-11-25|2024-11-25|8|09650|7|6.00|
9000256||9|8400400|67301932||Chavigny|2024-11-25|2024-11-25|9|20675|32|8.00|
9000256||9|8400400|67301932||Chavigny|2024-11-25|2024-11-25|10|21675|32|8.00|
9000257||9|8400400|67301931||Chavigny|2024-11-25|2024-11-25|1|01650|6|6.00|
9000257||9|8400400|67301931||Chavigny|2024-11-25|2024-11-25|2|10650|5|6.00|
9000257||9|8400400|67301931||Chavigny|2024-11-25|2024-11-25|3|03650|1|7.00|
9000257||9|8400400|67301931||Chavigny|2024-11-25|2024-11-25|4|04650|1|7.00|
9000257||9|8400400|67301931||Chavigny|2024-11-25|2024-11-25|5|05650|1|6.00|
9000257||9|8400400|67301931||Chavigny|2024-11-25|2024-11-25|6|06650|3|7.00|
9000257||9|8400400|67301931||Chavigny|2024-11-25|2024-11-25|7|02600|5|6.00|
9000257||9|8400400|67301931||Chavigny|2024-11-25|2024-11-25|8|09650|2|6.00|
9000257||9|8400400|67301931||Chavigny|2024-11-25|2024-11-25|9|20675|7|8.00|
9000257||9|8400400|67301931||Chavigny|2024-11-25|2024-11-25|10|21675|6|8.00|
9000258||9|8400400|67301930||Chavigny|2024-11-25|2024-11-25|1|01650|4|6.00|
9000258||9|8400400|67301930||Chavigny|2024-11-25|2024-11-25|2|10650|6|6.00|
9000258||9|8400400|67301930||Chavigny|2024-11-25|2024-11-25|3|03650|5|7.00|
9000258||9|8400400|67301930||Chavigny|2024-11-25|2024-11-25|4|04650|3|7.00|
9000258||9|8400400|67301930||Chavigny|2024-11-25|2024-11-25|5|06650|1|7.00|
9000258||9|8400400|67301930||Chavigny|2024-11-25|2024-11-25|6|02600|7|6.00|
9000258||9|8400400|67301930||Chavigny|2024-11-25|2024-11-25|7|09650|1|6.00|
9000258||9|8400400|67301930||Chavigny|2024-11-25|2024-11-25|8|20675|3|8.00|
9000258||9|8400400|67301930||Chavigny|2024-11-25|2024-11-25|9|21675|4|8.00|
9000259||9|8400400|67301929||Chavigny|2024-11-25|2024-11-25|1|10650|2|6.00|
9000259||9|8400400|67301929||Chavigny|2024-11-25|2024-11-25|2|04650|2|7.00|
9000259||9|8400400|67301929||Chavigny|2024-11-25|2024-11-25|3|05650|2|6.00|
9000259||9|8400400|67301929||Chavigny|2024-11-25|2024-11-25|4|06650|3|7.00|
9000259||9|8400400|67301929||Chavigny|2024-11-25|2024-11-25|5|02600|2|6.00|
9000259||9|8400400|67301929||Chavigny|2024-11-25|2024-11-25|6|09650|5|6.00|
9000259||9|8400400|67301929||Chavigny|2024-11-25|2024-11-25|7|20675|1|8.00|
9000259||9|8400400|67301929||Chavigny|2024-11-25|2024-11-25|8|21675|9|8.00|
9000260||9|8400400|67301928||Chavigny|2024-11-25|2024-11-25|1|10650|4|6.00|
9000260||9|8400400|67301928||Chavigny|2024-11-25|2024-11-25|2|03650|3|7.00|
9000260||9|8400400|67301928||Chavigny|2024-11-25|2024-11-25|3|04650|1|7.00|
9000260||9|8400400|67301928||Chavigny|2024-11-25|2024-11-25|4|06650|5|7.00|
9000260||9|8400400|67301928||Chavigny|2024-11-25|2024-11-25|5|02600|4|6.00|
9000260||9|8400400|67301928||Chavigny|2024-11-25|2024-11-25|6|09650|2|6.00|
9000260||9|8400400|67301928||Chavigny|2024-11-25|2024-11-25|7|20675|4|8.00|
9000260||9|8400400|67301928||Chavigny|2024-11-25|2024-11-25|8|21675|7|8.00|
9000261||9|8400400|67301927||Chavigny|2024-11-25|2024-11-25|1|10650|3|6.00|
9000261||9|8400400|67301927||Chavigny|2024-11-25|2024-11-25|2|03650|2|7.00|
9000261||9|8400400|67301927||Chavigny|2024-11-25|2024-11-25|3|04650|1|7.00|
9000261||9|8400400|67301927||Chavigny|2024-11-25|2024-11-25|4|02600|2|6.00|
9000261||9|8400400|67301927||Chavigny|2024-11-25|2024-11-25|5|09650|3|6.00|
9000261||9|8400400|67301927||Chavigny|2024-11-25|2024-11-25|6|20675|2|8.00|
9000261||9|8400400|67301927||Chavigny|2024-11-25|2024-11-25|7|21675|4|8.00|
9000262||9|8400400|67301926||Chavigny|2024-11-25|2024-11-25|1|01650|1|6.00|
9000262||9|8400400|67301926||Chavigny|2024-11-25|2024-11-25|2|10650|6|6.00|
9000262||9|8400400|67301926||Chavigny|2024-11-25|2024-11-25|3|03650|1|7.00|
9000262||9|8400400|67301926||Chavigny|2024-11-25|2024-11-25|4|04650|4|7.00|
9000262||9|8400400|67301926||Chavigny|2024-11-25|2024-11-25|5|06650|3|7.00|
9000262||9|8400400|67301926||Chavigny|2024-11-25|2024-11-25|6|09650|4|6.00|
9000262||9|8400400|67301926||Chavigny|2024-11-25|2024-11-25|7|20675|5|8.00|
9000262||9|8400400|67301926||Chavigny|2024-11-25|2024-11-25|8|21675|3|8.00|
9000263||9|8400400|67301925||Chavigny|2024-11-25|2024-11-25|1|10650|3|6.00|
9000263||9|8400400|67301925||Chavigny|2024-11-25|2024-11-25|2|03650|1|7.00|
9000263||9|8400400|67301925||Chavigny|2024-11-25|2024-11-25|3|05650|1|6.00|
9000263||9|8400400|67301925||Chavigny|2024-11-25|2024-11-25|4|06650|1|7.00|
9000263||9|8400400|67301925||Chavigny|2024-11-25|2024-11-25|5|02600|1|6.00|
9000263||9|8400400|67301925||Chavigny|2024-11-25|2024-11-25|6|09650|3|6.00|
9000263||9|8400400|67301925||Chavigny|2024-11-25|2024-11-25|7|20675|1|8.00|
9000263||9|8400400|67301925||Chavigny|2024-11-25|2024-11-25|8|21675|4|8.00|
9000264||9|8400400|67301924||Chavigny|2024-11-25|2024-11-25|1|10650|4|6.00|
9000264||9|8400400|67301924||Chavigny|2024-11-25|2024-11-25|2|03650|1|7.00|
9000264||9|8400400|67301924||Chavigny|2024-11-25|2024-11-25|3|04650|4|7.00|
9000264||9|8400400|67301924||Chavigny|2024-11-25|2024-11-25|4|06650|2|7.00|
9000264||9|8400400|67301924||Chavigny|2024-11-25|2024-11-25|5|02600|3|6.00|
9000264||9|8400400|67301924||Chavigny|2024-11-25|2024-11-25|6|09650|1|6.00|
9000264||9|8400400|67301924||Chavigny|2024-11-25|2024-11-25|7|20675|3|8.00|
9000264||9|8400400|67301924||Chavigny|2024-11-25|2024-11-25|8|21675|3|8.00|
9000265||9|8400400|67301923||Chavigny|2024-11-25|2024-11-25|1|01650|3|6.00|
9000265||9|8400400|67301923||Chavigny|2024-11-25|2024-11-25|2|10650|8|6.00|
9000265||9|8400400|67301923||Chavigny|2024-11-25|2024-11-25|3|03650|1|7.00|
9000265||9|8400400|67301923||Chavigny|2024-11-25|2024-11-25|4|04650|1|7.00|
9000265||9|8400400|67301923||Chavigny|2024-11-25|2024-11-25|5|06650|3|7.00|
9000265||9|8400400|67301923||Chavigny|2024-11-25|2024-11-25|6|02600|4|6.00|
9000265||9|8400400|67301923||Chavigny|2024-11-25|2024-11-25|7|20675|12|8.00|
9000265||9|8400400|67301923||Chavigny|2024-11-25|2024-11-25|8|21675|4|8.00|
9000266||9|8400400|67301922||Chavigny|2024-11-25|2024-11-25|1|10650|3|6.00|
9000266||9|8400400|67301922||Chavigny|2024-11-25|2024-11-25|2|03650|2|7.00|
9000266||9|8400400|67301922||Chavigny|2024-11-25|2024-11-25|3|04650|2|7.00|
9000266||9|8400400|67301922||Chavigny|2024-11-25|2024-11-25|4|05650|1|6.00|
9000266||9|8400400|67301922||Chavigny|2024-11-25|2024-11-25|5|02600|3|6.00|
9000266||9|8400400|67301922||Chavigny|2024-11-25|2024-11-25|6|09650|5|6.00|
9000266||9|8400400|67301922||Chavigny|2024-11-25|2024-11-25|7|20675|5|8.00|
9000266||9|8400400|67301922||Chavigny|2024-11-25|2024-11-25|8|21675|2|8.00|
9000267||9|8400400|67301921||Chavigny|2024-11-25|2024-11-25|1|01650|1|6.00|
9000267||9|8400400|67301921||Chavigny|2024-11-25|2024-11-25|2|10650|3|6.00|
9000267||9|8400400|67301921||Chavigny|2024-11-25|2024-11-25|3|03650|1|7.00|
9000267||9|8400400|67301921||Chavigny|2024-11-25|2024-11-25|4|04650|2|7.00|
9000267||9|8400400|67301921||Chavigny|2024-11-25|2024-11-25|5|06650|1|7.00|
9000267||9|8400400|67301921||Chavigny|2024-11-25|2024-11-25|6|02600|3|6.00|
9000267||9|8400400|67301921||Chavigny|2024-11-25|2024-11-25|7|09650|3|6.00|
9000267||9|8400400|67301921||Chavigny|2024-11-25|2024-11-25|8|20675|9|8.00|
9000267||9|8400400|67301921||Chavigny|2024-11-25|2024-11-25|9|21675|12|8.00|
9000268||9|8400400|67301920||Chavigny|2024-11-25|2024-11-25|1|01650|2|6.00|
9000268||9|8400400|67301920||Chavigny|2024-11-25|2024-11-25|2|10650|4|6.00|
9000268||9|8400400|67301920||Chavigny|2024-11-25|2024-11-25|3|03650|1|7.00|
9000268||9|8400400|67301920||Chavigny|2024-11-25|2024-11-25|4|05650|2|6.00|
9000268||9|8400400|67301920||Chavigny|2024-11-25|2024-11-25|5|06650|3|7.00|
9000268||9|8400400|67301920||Chavigny|2024-11-25|2024-11-25|6|02600|1|6.00|
9000268||9|8400400|67301920||Chavigny|2024-11-25|2024-11-25|7|20675|2|8.00|
9000268||9|8400400|67301920||Chavigny|2024-11-25|2024-11-25|8|21675|4|8.00|
9000269||9|8400400|67301919||Chavigny|2024-11-25|2024-11-25|1|10650|1|6.00|
9000269||9|8400400|67301919||Chavigny|2024-11-25|2024-11-25|2|03650|1|7.00|
9000269||9|8400400|67301919||Chavigny|2024-11-25|2024-11-25|3|04650|1|7.00|
9000269||9|8400400|67301919||Chavigny|2024-11-25|2024-11-25|4|05650|1|6.00|
9000269||9|8400400|67301919||Chavigny|2024-11-25|2024-11-25|5|06650|1|7.00|
9000269||9|8400400|67301919||Chavigny|2024-11-25|2024-11-25|6|02600|2|6.00|
9000269||9|8400400|67301919||Chavigny|2024-11-25|2024-11-25|7|20675|1|8.00|
9000269||9|8400400|67301919||Chavigny|2024-11-25|2024-11-25|8|21675|1|8.00|
9000270||9|8400400|67301918||Chavigny|2024-11-25|2024-11-25|1|01650|2|6.00|
9000270||9|8400400|67301918||Chavigny|2024-11-25|2024-11-25|2|10650|4|6.00|
9000270||9|8400400|67301918||Chavigny|2024-11-25|2024-11-25|3|03650|4|7.00|
9000270||9|8400400|67301918||Chavigny|2024-11-25|2024-11-25|4|04650|4|7.00|
9000270||9|8400400|67301918||Chavigny|2024-11-25|2024-11-25|5|05650|1|6.00|
9000270||9|8400400|67301918||Chavigny|2024-11-25|2024-11-25|6|06650|2|7.00|
9000270||9|8400400|67301918||Chavigny|2024-11-25|2024-11-25|7|02600|7|6.00|
9000270||9|8400400|67301918||Chavigny|2024-11-25|2024-11-25|8|09650|2|6.00|
9000270||9|8400400|67301918||Chavigny|2024-11-25|2024-11-25|9|20675|2|8.00|
9000270||9|8400400|67301918||Chavigny|2024-11-25|2024-11-25|10|21675|2|8.00|
9000271||9|8400400|67301917||Chavigny|2024-11-25|2024-11-25|1|01650|9|6.00|
9000271||9|8400400|67301917||Chavigny|2024-11-25|2024-11-25|2|10650|7|6.00|
9000271||9|8400400|67301917||Chavigny|2024-11-25|2024-11-25|3|03650|4|7.00|
9000271||9|8400400|67301917||Chavigny|2024-11-25|2024-11-25|4|04650|5|7.00|
9000271||9|8400400|67301917||Chavigny|2024-11-25|2024-11-25|5|05650|4|6.00|
9000271||9|8400400|67301917||Chavigny|2024-11-25|2024-11-25|6|06650|10|7.00|
9000271||9|8400400|67301917||Chavigny|2024-11-25|2024-11-25|7|02600|10|6.00|
9000271||9|8400400|67301917||Chavigny|2024-11-25|2024-11-25|8|09650|1|6.00|
9000271||9|8400400|67301917||Chavigny|2024-11-25|2024-11-25|9|20675|12|8.00|
9000271||9|8400400|67301917||Chavigny|2024-11-25|2024-11-25|10|21675|15|8.00|
9000272||9|8400400|67301916||Chavigny|2024-11-25|2024-11-25|1|10650|3|6.00|
9000272||9|8400400|67301916||Chavigny|2024-11-25|2024-11-25|2|03650|2|7.00|
9000272||9|8400400|67301916||Chavigny|2024-11-25|2024-11-25|3|04650|3|7.00|
9000272||9|8400400|67301916||Chavigny|2024-11-25|2024-11-25|4|06650|4|7.00|
9000272||9|8400400|67301916||Chavigny|2024-11-25|2024-11-25|5|02600|2|6.00|
9000272||9|8400400|67301916||Chavigny|2024-11-25|2024-11-25|6|09650|5|6.00|
9000272||9|8400400|67301916||Chavigny|2024-11-25|2024-11-25|7|20675|1|8.00|
9000273||9|8400400|67301915||Chavigny|2024-11-25|2024-11-25|1|01650|6|6.00|
9000273||9|8400400|67301915||Chavigny|2024-11-25|2024-11-25|2|10650|2|6.00|
9000273||9|8400400|67301915||Chavigny|2024-11-25|2024-11-25|3|03650|5|7.00|
9000273||9|8400400|67301915||Chavigny|2024-11-25|2024-11-25|4|04650|3|7.00|
9000273||9|8400400|67301915||Chavigny|2024-11-25|2024-11-25|5|05650|2|6.00|
9000273||9|8400400|67301915||Chavigny|2024-11-25|2024-11-25|6|02600|3|6.00|
9000273||9|8400400|67301915||Chavigny|2024-11-25|2024-11-25|7|09650|3|6.00|
9000273||9|8400400|67301915||Chavigny|2024-11-25|2024-11-25|8|20675|3|8.00|
9000273||9|8400400|67301915||Chavigny|2024-11-25|2024-11-25|9|21675|8|8.00|
9000274||9|8400400|67301914||Chavigny|2024-11-25|2024-11-25|1|01650|3|6.00|
9000274||9|8400400|67301914||Chavigny|2024-11-25|2024-11-25|2|10650|2|6.00|
9000274||9|8400400|67301914||Chavigny|2024-11-25|2024-11-25|3|09650|1|6.00|
9000274||9|8400400|67301914||Chavigny|2024-11-25|2024-11-25|4|20675|1|8.00|
9000274||9|8400400|67301914||Chavigny|2024-11-25|2024-11-25|5|21675|2|8.00|
9000275||9|8400400|67301913||Chavigny|2024-11-25|2024-11-25|1|10650|2|6.00|
9000275||9|8400400|67301913||Chavigny|2024-11-25|2024-11-25|2|03650|2|7.00|
9000275||9|8400400|67301913||Chavigny|2024-11-25|2024-11-25|3|04650|1|7.00|
9000275||9|8400400|67301913||Chavigny|2024-11-25|2024-11-25|4|05650|2|6.00|
9000275||9|8400400|67301913||Chavigny|2024-11-25|2024-11-25|5|02600|3|6.00|
9000275||9|8400400|67301913||Chavigny|2024-11-25|2024-11-25|6|09650|1|6.00|
9000275||9|8400400|67301913||Chavigny|2024-11-25|2024-11-25|7|20675|2|8.00|
9000275||9|8400400|67301913||Chavigny|2024-11-25|2024-11-25|8|21675|3|8.00|
9000276||9|8400400|67301912||Chavigny|2024-11-25|2024-11-25|1|01650|2|6.00|
9000276||9|8400400|67301912||Chavigny|2024-11-25|2024-11-25|2|10650|3|6.00|
9000276||9|8400400|67301912||Chavigny|2024-11-25|2024-11-25|3|03650|2|7.00|
9000276||9|8400400|67301912||Chavigny|2024-11-25|2024-11-25|4|04650|6|7.00|
9000276||9|8400400|67301912||Chavigny|2024-11-25|2024-11-25|5|05650|1|6.00|
9000276||9|8400400|67301912||Chavigny|2024-11-25|2024-11-25|6|06650|3|7.00|
9000276||9|8400400|67301912||Chavigny|2024-11-25|2024-11-25|7|02600|3|6.00|
9000276||9|8400400|67301912||Chavigny|2024-11-25|2024-11-25|8|09650|2|6.00|
9000276||9|8400400|67301912||Chavigny|2024-11-25|2024-11-25|9|20675|7|8.00|
9000276||9|8400400|67301912||Chavigny|2024-11-25|2024-11-25|10|21675|9|8.00|
9000277||9|8400400|67301911||Chavigny|2024-11-25|2024-11-25|1|01650|2|6.00|
9000277||9|8400400|67301911||Chavigny|2024-11-25|2024-11-25|2|10650|10|6.00|
9000277||9|8400400|67301911||Chavigny|2024-11-25|2024-11-25|3|03650|5|7.00|
9000277||9|8400400|67301911||Chavigny|2024-11-25|2024-11-25|4|04650|5|7.00|
9000277||9|8400400|67301911||Chavigny|2024-11-25|2024-11-25|5|05650|2|6.00|
9000277||9|8400400|67301911||Chavigny|2024-11-25|2024-11-25|6|06650|11|7.00|
9000277||9|8400400|67301911||Chavigny|2024-11-25|2024-11-25|7|02600|2|6.00|
9000277||9|8400400|67301911||Chavigny|2024-11-25|2024-11-25|8|09650|8|6.00|
9000277||9|8400400|67301911||Chavigny|2024-11-25|2024-11-25|9|20675|9|8.00|
9000277||9|8400400|67301911||Chavigny|2024-11-25|2024-11-25|10|21675|9|8.00|
9000278||9|8400400|67301910||Chavigny|2024-11-25|2024-11-25|1|01650|1|6.00|
9000278||9|8400400|67301910||Chavigny|2024-11-25|2024-11-25|2|10650|3|6.00|
9000278||9|8400400|67301910||Chavigny|2024-11-25|2024-11-25|3|03650|2|7.00|
9000278||9|8400400|67301910||Chavigny|2024-11-25|2024-11-25|4|04650|1|7.00|
9000278||9|8400400|67301910||Chavigny|2024-11-25|2024-11-25|5|05650|1|6.00|
9000278||9|8400400|67301910||Chavigny|2024-11-25|2024-11-25|6|06650|1|7.00|
9000278||9|8400400|67301910||Chavigny|2024-11-25|2024-11-25|7|02600|4|6.00|
9000278||9|8400400|67301910||Chavigny|2024-11-25|2024-11-25|8|20675|4|8.00|
9000278||9|8400400|67301910||Chavigny|2024-11-25|2024-11-25|9|21675|5|8.00|
9000279||9|8400400|6730199||Chavigny|2024-11-25|2024-11-25|1|03650|1|7.00|
9000280||9|8400400|6730198||Chavigny|2024-11-25|2024-11-25|1|06650|1|7.00|
9000281||9|8400400|6730197||Chavigny|2024-11-25|2024-11-25|1|01650|2|6.00|
9000281||9|8400400|6730197||Chavigny|2024-11-25|2024-11-25|2|10650|4|6.00|
9000281||9|8400400|6730197||Chavigny|2024-11-25|2024-11-25|3|03650|3|7.00|
9000281||9|8400400|6730197||Chavigny|2024-11-25|2024-11-25|4|04650|2|7.00|
9000281||9|8400400|6730197||Chavigny|2024-11-25|2024-11-25|5|05650|2|6.00|
9000281||9|8400400|6730197||Chavigny|2024-11-25|2024-11-25|6|06650|1|7.00|
9000281||9|8400400|6730197||Chavigny|2024-11-25|2024-11-25|7|02600|3|6.00|
9000281||9|8400400|6730197||Chavigny|2024-11-25|2024-11-25|8|09650|1|6.00|
9000281||9|8400400|6730197||Chavigny|2024-11-25|2024-11-25|9|20675|4|8.00|
9000281||9|8400400|6730197||Chavigny|2024-11-25|2024-11-25|10|21675|5|8.00|
9000282||9|8400400|6730196||Chavigny|2024-11-25|2024-11-25|1|06650|1|7.00|
9000282||9|8400400|6730196||Chavigny|2024-11-25|2024-11-25|2|02600|1|6.00|
9000282||9|8400400|6730196||Chavigny|2024-11-25|2024-11-25|3|20675|5|8.00|
9000282||9|8400400|6730196||Chavigny|2024-11-25|2024-11-25|4|21675|5|8.00|
9000283||9|8400400|6730195||Chavigny|2024-11-25|2024-11-25|1|03650|1|7.00|
9000283||9|8400400|6730195||Chavigny|2024-11-25|2024-11-25|2|21675|1|8.00|
9000284||9|8400400|6730194||Chavigny|2024-11-25|2024-11-25|1|02600|2|6.00|
9000284||9|8400400|6730194||Chavigny|2024-11-25|2024-11-25|2|09650|2|6.00|
9000284||9|8400400|6730194||Chavigny|2024-11-25|2024-11-25|3|20675|1|8.00|
9000284||9|8400400|6730194||Chavigny|2024-11-25|2024-11-25|4|21675|1|8.00|
9000285||9|8400400|6730193||Chavigny|2024-11-25|2024-11-25|1|03650|1|7.00|
9000285||9|8400400|6730193||Chavigny|2024-11-25|2024-11-25|2|04650|1|7.00|
9000285||9|8400400|6730193||Chavigny|2024-11-25|2024-11-25|3|05650|1|6.00|
9000285||9|8400400|6730193||Chavigny|2024-11-25|2024-11-25|4|02600|2|6.00|
9000285||9|8400400|6730193||Chavigny|2024-11-25|2024-11-25|5|20675|1|8.00|
9000286||9|8400400|6730192||Chavigny|2024-11-25|2024-11-25|1|10650|1|6.00|
9000286||9|8400400|6730192||Chavigny|2024-11-25|2024-11-25|2|02600|1|6.00|
9000286||9|8400400|6730192||Chavigny|2024-11-25|2024-11-25|3|09650|1|6.00|
